-- --------------------------------------------------------
-- Host:                         127.0.0.1
-- Server version:               10.2.12-MariaDB - mariadb.org binary distribution
-- Server OS:                    Win64
-- HeidiSQL Version:             9.4.0.5125
-- --------------------------------------------------------

/*!40101 SET @OLD_CHARACTER_SET_CLIENT=@@CHARACTER_SET_CLIENT */;
/*!40101 SET NAMES utf8 */;
/*!50503 SET NAMES utf8mb4 */;
/*!40014 SET @OLD_FOREIGN_KEY_CHECKS=@@FOREIGN_KEY_CHECKS, FOREIGN_KEY_CHECKS=0 */;
/*!40101 SET @OLD_SQL_MODE=@@SQL_MODE, SQL_MODE='NO_AUTO_VALUE_ON_ZERO' */;


-- Dumping database structure for essentialmode
CREATE DATABASE IF NOT EXISTS `essentialmode` /*!40100 DEFAULT CHARACTER SET latin1 */;
USE `essentialmode`;

-- Dumping structure for table essentialmode.addon_account
CREATE TABLE IF NOT EXISTS `addon_account` (
  `id` int(11) NOT NULL AUTO_INCREMENT,
  `name` varchar(255) NOT NULL,
  `label` varchar(255) NOT NULL,
  `shared` int(11) NOT NULL,
  PRIMARY KEY (`id`)
) ENGINE=InnoDB AUTO_INCREMENT=10 DEFAULT CHARSET=latin1;

-- Dumping data for table essentialmode.addon_account: ~9 rows (approximately)
/*!40000 ALTER TABLE `addon_account` DISABLE KEYS */;
INSERT INTO `addon_account` (`id`, `name`, `label`, `shared`) VALUES
	(1, 'society_police', 'Police', 1),
	(2, 'society_police', 'Police', 1),
	(3, 'society_ambulance', 'EMS', 1),
	(4, 'society_cardealer', 'Cardealer', 1),
	(5, 'society_taxi', 'Taxi', 1),
	(6, 'caution', 'caution', 0),
	(7, 'property_black_money', 'Money Sale Property', 0),
	(8, 'society_mecano', 'Mechanic', 1),
	(9, 'society_carthief', 'Car Thief', 1);
/*!40000 ALTER TABLE `addon_account` ENABLE KEYS */;

-- Dumping structure for table essentialmode.addon_account_data
CREATE TABLE IF NOT EXISTS `addon_account_data` (
  `id` int(11) NOT NULL AUTO_INCREMENT,
  `account_name` varchar(255) DEFAULT NULL,
  `money` double NOT NULL,
  `owner` varchar(255) DEFAULT NULL,
  PRIMARY KEY (`id`)
) ENGINE=InnoDB AUTO_INCREMENT=43 DEFAULT CHARSET=latin1;

-- Dumping data for table essentialmode.addon_account_data: ~42 rows (approximately)
/*!40000 ALTER TABLE `addon_account_data` DISABLE KEYS */;
INSERT INTO `addon_account_data` (`id`, `account_name`, `money`, `owner`) VALUES
	(1, 'society_police', 6260, NULL),
	(2, 'society_ambulance', 0, NULL),
	(3, 'society_cardealer', 4661001, NULL),
	(4, 'society_taxi', 0, NULL),
	(5, 'society_mecano', 0, NULL),
	(6, 'caution', 0, 'steam:110000107da364f'),
	(7, 'property_black_money', 396, 'steam:110000107da364f'),
	(8, 'property_black_money', 1782, 'steam:110000115292d86'),
	(9, 'caution', 0, 'steam:110000115292d86'),
	(10, 'property_black_money', 0, 'steam:1100001072fa86f'),
	(11, 'caution', 0, 'steam:1100001072fa86f'),
	(12, 'caution', 0, 'steam:110000105c0d62c'),
	(13, 'property_black_money', 0, 'steam:110000105c0d62c'),
	(14, 'caution', 0, 'steam:110000103fcfc24'),
	(15, 'property_black_money', 0, 'steam:110000103fcfc24'),
	(16, 'caution', 0, 'steam:1100001328f4c87'),
	(17, 'property_black_money', 0, 'steam:1100001328f4c87'),
	(18, 'property_black_money', 0, 'steam:1100001060cc260'),
	(19, 'caution', 0, 'steam:1100001060cc260'),
	(20, 'caution', 0, 'steam:110000135918278'),
	(21, 'property_black_money', 0, 'steam:110000135918278'),
	(22, 'property_black_money', 0, 'steam:110000112eaa244'),
	(23, 'caution', 0, 'steam:110000112eaa244'),
	(24, 'property_black_money', 0, 'steam:1100001027c79c1'),
	(25, 'caution', 0, 'steam:1100001027c79c1'),
	(26, 'property_black_money', 0, 'steam:1100001059093e2'),
	(27, 'caution', 0, 'steam:1100001059093e2'),
	(28, 'caution', 0, 'steam:11000011700cf03'),
	(29, 'property_black_money', 0, 'steam:11000011700cf03'),
	(30, 'caution', 0, 'steam:110000117153993'),
	(31, 'property_black_money', 0, 'steam:110000117153993'),
	(32, 'caution', 0, 'steam:11000011c1e7fe7'),
	(33, 'property_black_money', 0, 'steam:11000011c1e7fe7'),
	(34, 'society_carthief', 0, NULL),
	(35, 'property_black_money', 0, 'steam:110000106bb2848'),
	(36, 'caution', 0, 'steam:110000106bb2848'),
	(37, 'property_black_money', 0, 'steam:11000010a803b70'),
	(38, 'caution', 0, 'steam:11000010a803b70'),
	(39, 'property_black_money', 0, 'steam:11000010b25e717'),
	(40, 'caution', 0, 'steam:11000010b25e717'),
	(41, 'property_black_money', 0, 'steam:110000109732ebc'),
	(42, 'caution', 0, 'steam:110000109732ebc');
/*!40000 ALTER TABLE `addon_account_data` ENABLE KEYS */;

-- Dumping structure for table essentialmode.addon_inventory
CREATE TABLE IF NOT EXISTS `addon_inventory` (
  `id` int(11) NOT NULL AUTO_INCREMENT,
  `name` varchar(255) NOT NULL,
  `label` varchar(255) NOT NULL,
  `shared` int(11) NOT NULL,
  PRIMARY KEY (`id`)
) ENGINE=InnoDB AUTO_INCREMENT=8 DEFAULT CHARSET=latin1;

-- Dumping data for table essentialmode.addon_inventory: ~7 rows (approximately)
/*!40000 ALTER TABLE `addon_inventory` DISABLE KEYS */;
INSERT INTO `addon_inventory` (`id`, `name`, `label`, `shared`) VALUES
	(1, 'society_police', 'Police', 1),
	(2, 'society_ambulance', 'EMS', 1),
	(3, 'society_cardealer', 'Cardealer', 1),
	(4, 'society_taxi', 'Taxi', 1),
	(5, 'property', 'Property', 0),
	(6, 'society_mecano', 'Mechanic', 1),
	(7, 'society_carthief', 'Car Thief', 1);
/*!40000 ALTER TABLE `addon_inventory` ENABLE KEYS */;

-- Dumping structure for table essentialmode.addon_inventory_items
CREATE TABLE IF NOT EXISTS `addon_inventory_items` (
  `id` int(11) NOT NULL AUTO_INCREMENT,
  `inventory_name` varchar(255) NOT NULL,
  `name` varchar(255) NOT NULL,
  `count` int(11) NOT NULL,
  `owner` varchar(60) DEFAULT NULL,
  PRIMARY KEY (`id`)
) ENGINE=InnoDB AUTO_INCREMENT=2 DEFAULT CHARSET=latin1;

-- Dumping data for table essentialmode.addon_inventory_items: ~1 rows (approximately)
/*!40000 ALTER TABLE `addon_inventory_items` DISABLE KEYS */;
INSERT INTO `addon_inventory_items` (`id`, `inventory_name`, `name`, `count`, `owner`) VALUES
	(1, 'society_cardealer', 'coke', 1, NULL);
/*!40000 ALTER TABLE `addon_inventory_items` ENABLE KEYS */;

-- Dumping structure for table essentialmode.billing
CREATE TABLE IF NOT EXISTS `billing` (
  `id` int(11) NOT NULL AUTO_INCREMENT,
  `identifier` varchar(255) NOT NULL,
  `sender` varchar(255) NOT NULL,
  `target_type` varchar(50) NOT NULL,
  `target` varchar(255) NOT NULL,
  `label` varchar(255) NOT NULL,
  `amount` int(11) NOT NULL,
  PRIMARY KEY (`id`)
) ENGINE=InnoDB AUTO_INCREMENT=11 DEFAULT CHARSET=latin1;

-- Dumping data for table essentialmode.billing: ~1 rows (approximately)
/*!40000 ALTER TABLE `billing` DISABLE KEYS */;
INSERT INTO `billing` (`id`, `identifier`, `sender`, `target_type`, `target`, `label`, `amount`) VALUES
	(10, 'steam:1100001060cc260', 'steam:110000107da364f', 'society', 'society_police', 'Fine: Failing to stop at a Red Light', 130);
/*!40000 ALTER TABLE `billing` ENABLE KEYS */;

-- Dumping structure for table essentialmode.cardealer_vehicles
CREATE TABLE IF NOT EXISTS `cardealer_vehicles` (
  `id` int(11) NOT NULL AUTO_INCREMENT,
  `vehicle` varchar(255) NOT NULL,
  `price` int(11) NOT NULL,
  PRIMARY KEY (`id`)
) ENGINE=InnoDB AUTO_INCREMENT=9 DEFAULT CHARSET=latin1;

-- Dumping data for table essentialmode.cardealer_vehicles: ~6 rows (approximately)
/*!40000 ALTER TABLE `cardealer_vehicles` DISABLE KEYS */;
INSERT INTO `cardealer_vehicles` (`id`, `vehicle`, `price`) VALUES
	(1, 'banshee', 70000),
	(2, 'comet2', 65000),
	(4, 'pfister811', 85000),
	(6, 'nightshade', 65000),
	(7, 'bati2', 19000),
	(8, 'dominator', 35000);
/*!40000 ALTER TABLE `cardealer_vehicles` ENABLE KEYS */;

-- Dumping structure for table essentialmode.characters
CREATE TABLE IF NOT EXISTS `characters` (
  `id` int(11) NOT NULL AUTO_INCREMENT,
  `identifier` varchar(255) NOT NULL,
  `firstname` varchar(255) NOT NULL,
  `lastname` varchar(255) NOT NULL,
  `dateofbirth` varchar(255) NOT NULL,
  `sex` varchar(1) NOT NULL DEFAULT 'M',
  `height` varchar(128) NOT NULL,
  PRIMARY KEY (`id`)
) ENGINE=InnoDB AUTO_INCREMENT=19 DEFAULT CHARSET=latin1;

-- Dumping data for table essentialmode.characters: ~18 rows (approximately)
/*!40000 ALTER TABLE `characters` DISABLE KEYS */;
INSERT INTO `characters` (`id`, `identifier`, `firstname`, `lastname`, `dateofbirth`, `sex`, `height`) VALUES
	(1, 'steam:110000107da364f', 'Ryan', 'Killinger', '12/25/1981', 'm', '162'),
	(2, 'steam:1100001072fa86f', 'Aaron', 'Smith', '1991-08-07', 'm', '150'),
	(3, 'steam:110000115292d86', 'Vlad', 'Inhailer', '1878-12-18', 'm', '168'),
	(4, 'steam:110000105c0d62c', 'Dig', 'Bicks', '12/10/1988', 'm', '200'),
	(5, 'steam:110000103fcfc24', 'Amara', 'Wegner', '1995-27-01', 'f', '160'),
	(6, 'steam:1100001328f4c87', 'Corey', 'Fitz', '062189', 'm', '200'),
	(7, 'steam:1100001060cc260', 'Ryan', 'Berezon', '19970606', 'm', '190'),
	(8, 'steam:110000135918278', 'Sam', 'Liakas', '1983/07/07', 'm', '164'),
	(9, 'steam:1100001059093e2', 'John', 'Smith', '04/15/1986', 'm', '156'),
	(10, 'steam:11000011700cf03', 'Jackson', 'Rodriguez', '1999-4-30', 'm', '200'),
	(11, 'steam:110000117153993', 'TREY', 'Evans', '2001/2/2', 'm', '140'),
	(12, 'steam:11000011c1e7fe7', 'James', 'Sanchez', '09/19/1987', 'm', '200'),
	(13, 'steam:110000106bb2848', 'Mathew', 'Jones', '1992-07-20', 'm', '186'),
	(14, 'steam:11000010a803b70', 'Matthew', 'Cubbage', '20000519', 'm', '	170.18'),
	(15, 'steam:11000010a803b70', 'Matthew', 'Cubbage', '20000519', 'm', '170.18'),
	(16, 'steam:11000010a803b70', 'Matthew', 'Cubbage', '20000519', 'm', '170.18'),
	(17, 'steam:11000010a803b70', 'Matthew', 'Cubbage', '20000519', 'm', '170.18'),
	(18, 'steam:110000109732ebc', 'Billy', 'Johnson', '03-19-1991', 'm', '170');
/*!40000 ALTER TABLE `characters` ENABLE KEYS */;

-- Dumping structure for table essentialmode.datastore
CREATE TABLE IF NOT EXISTS `datastore` (
  `id` int(11) NOT NULL AUTO_INCREMENT,
  `name` varchar(255) NOT NULL,
  `label` varchar(255) NOT NULL,
  `shared` int(11) NOT NULL,
  PRIMARY KEY (`id`)
) ENGINE=InnoDB AUTO_INCREMENT=8 DEFAULT CHARSET=latin1;

-- Dumping data for table essentialmode.datastore: ~7 rows (approximately)
/*!40000 ALTER TABLE `datastore` DISABLE KEYS */;
INSERT INTO `datastore` (`id`, `name`, `label`, `shared`) VALUES
	(1, 'society_police', 'Police', 1),
	(2, 'society_police', 'Police', 1),
	(3, 'society_ambulance', 'EMS', 1),
	(4, 'society_taxi', 'Taxi', 1),
	(5, 'property', 'Property', 0),
	(6, 'user_mask', 'Mask', 0),
	(7, 'society_carthief', 'Car Thief', 1);
/*!40000 ALTER TABLE `datastore` ENABLE KEYS */;

-- Dumping structure for table essentialmode.datastore_data
CREATE TABLE IF NOT EXISTS `datastore_data` (
  `id` int(11) NOT NULL AUTO_INCREMENT,
  `name` varchar(255) NOT NULL,
  `owner` varchar(255) DEFAULT NULL,
  `data` longtext DEFAULT NULL,
  PRIMARY KEY (`id`)
) ENGINE=InnoDB AUTO_INCREMENT=41 DEFAULT CHARSET=latin1;

-- Dumping data for table essentialmode.datastore_data: ~40 rows (approximately)
/*!40000 ALTER TABLE `datastore_data` DISABLE KEYS */;
INSERT INTO `datastore_data` (`id`, `name`, `owner`, `data`) VALUES
	(1, 'society_police', NULL, '{}'),
	(2, 'society_ambulance', NULL, '{}'),
	(3, 'society_taxi', NULL, '{}'),
	(4, 'user_mask', 'steam:110000107da364f', '{}'),
	(5, 'property', 'steam:110000107da364f', '{"dressing":[{"label":"swagger","skin":{"mask_1":0,"hair_2":0,"eyebrows_3":0,"torso_1":4,"lipstick_2":0,"chain_1":1,"chain_2":0,"ears_2":0,"hair_1":0,"bags_1":0,"lipstick_3":0,"hair_color_2":0,"face":0,"eyebrows_4":0,"tshirt_2":0,"skin":0,"makeup_4":0,"decals_2":0,"decals_1":0,"helmet_2":0,"beard_3":0,"helmet_1":-1,"makeup_2":0,"hair_color_1":0,"glasses_1":4,"beard_1":0,"tshirt_1":3,"arms":2,"mask_2":0,"makeup_1":0,"pants_2":0,"bags_2":0,"torso_2":0,"lipstick_4":0,"beard_2":0,"pants_1":1,"bproof_1":0,"age_2":0,"ears_1":-1,"shoes_2":0,"eyebrows_2":0,"sex":0,"lipstick_1":0,"glasses_2":0,"bproof_2":0,"shoes_1":1,"beard_4":0,"eyebrows_1":0,"makeup_3":0,"age_1":0}}]}'),
	(6, 'user_mask', 'steam:110000115292d86', '{}'),
	(7, 'property', 'steam:110000115292d86', '{"dressing":[{"label":"BossCoat","skin":{"ears_2":0,"mask_2":0,"chain_1":0,"age_1":6,"arms":0,"torso_1":70,"bags_1":0,"hair_1":66,"shoes_1":0,"hair_2":0,"bags_2":0,"beard_2":10,"torso_2":2,"makeup_2":0,"lipstick_1":0,"pants_1":0,"sex":0,"chain_2":0,"hair_color_1":3,"makeup_1":0,"lipstick_2":0,"hair_color_2":8,"eyebrows_4":32,"bproof_2":4,"beard_3":0,"ears_1":-1,"decals_2":0,"bproof_1":7,"face":13,"helmet_2":0,"eyebrows_2":10,"beard_1":9,"skin":43,"tshirt_1":0,"makeup_3":0,"age_2":10,"tshirt_2":0,"helmet_1":-1,"mask_1":0,"pants_2":0,"eyebrows_3":0,"shoes_2":0,"lipstick_3":0,"beard_4":14,"decals_1":0,"lipstick_4":0,"eyebrows_1":20,"glasses_2":0,"glasses_1":0,"makeup_4":0}},{"label":"Boss","skin":{"ears_2":0,"mask_2":0,"chain_1":0,"age_1":6,"arms":0,"torso_1":70,"beard_1":9,"hair_1":66,"eyebrows_3":0,"hair_2":0,"bags_2":0,"age_2":10,"torso_2":2,"makeup_2":0,"lipstick_1":0,"pants_1":10,"sex":0,"chain_2":0,"tshirt_2":2,"makeup_1":0,"lipstick_2":0,"bproof_2":4,"eyebrows_4":32,"ears_1":-1,"pants_2":0,"bproof_1":7,"decals_2":0,"face":13,"makeup_4":0,"helmet_2":0,"decals_1":0,"helmet_1":-1,"skin":43,"tshirt_1":3,"eyebrows_1":20,"beard_2":10,"shoes_1":11,"eyebrows_2":10,"mask_1":0,"hair_color_1":3,"glasses_2":1,"shoes_2":12,"lipstick_3":0,"beard_4":14,"beard_3":0,"bags_1":0,"lipstick_4":0,"makeup_3":0,"glasses_1":5,"hair_color_2":8}},{"label":"Boss","skin":{"ears_2":0,"mask_2":0,"chain_1":0,"age_1":6,"arms":17,"torso_1":70,"bags_1":0,"hair_1":66,"eyebrows_3":0,"hair_2":0,"bags_2":0,"beard_2":10,"makeup_1":0,"makeup_2":0,"lipstick_1":0,"pants_1":10,"sex":0,"chain_2":0,"hair_color_1":3,"face":13,"lipstick_2":0,"hair_color_2":8,"eyebrows_4":32,"makeup_4":0,"beard_3":0,"bproof_2":4,"decals_2":0,"ears_1":-1,"bproof_1":7,"helmet_2":0,"decals_1":0,"eyebrows_2":10,"helmet_1":-1,"tshirt_1":3,"makeup_3":0,"skin":43,"shoes_1":11,"age_2":10,"mask_1":0,"tshirt_2":2,"torso_2":2,"shoes_2":12,"lipstick_3":0,"beard_4":14,"pants_2":0,"eyebrows_1":20,"beard_1":9,"lipstick_4":0,"glasses_1":5,"glasses_2":1}}]}'),
	(8, 'user_mask', 'steam:1100001072fa86f', '{}'),
	(9, 'property', 'steam:1100001072fa86f', '{}'),
	(10, 'user_mask', 'steam:110000105c0d62c', '{}'),
	(11, 'property', 'steam:110000105c0d62c', '{}'),
	(12, 'user_mask', 'steam:110000103fcfc24', '{}'),
	(13, 'property', 'steam:110000103fcfc24', '{}'),
	(14, 'property', 'steam:1100001328f4c87', '{}'),
	(15, 'user_mask', 'steam:1100001328f4c87', '{}'),
	(16, 'user_mask', 'steam:1100001060cc260', '{}'),
	(17, 'property', 'steam:1100001060cc260', '{}'),
	(18, 'user_mask', 'steam:110000135918278', '{}'),
	(19, 'property', 'steam:110000135918278', '{}'),
	(20, 'property', 'steam:110000112eaa244', '{}'),
	(21, 'user_mask', 'steam:110000112eaa244', '{}'),
	(22, 'property', 'steam:1100001027c79c1', '{}'),
	(23, 'user_mask', 'steam:1100001027c79c1', '{}'),
	(24, 'property', 'steam:1100001059093e2', '{}'),
	(25, 'user_mask', 'steam:1100001059093e2', '{}'),
	(26, 'user_mask', 'steam:11000011700cf03', '{}'),
	(27, 'property', 'steam:11000011700cf03', '{}'),
	(28, 'user_mask', 'steam:110000117153993', '{}'),
	(29, 'property', 'steam:110000117153993', '{}'),
	(30, 'property', 'steam:11000011c1e7fe7', '{}'),
	(31, 'user_mask', 'steam:11000011c1e7fe7', '{}'),
	(32, 'society_carthief', NULL, '{}'),
	(33, 'property', 'steam:110000106bb2848', '{}'),
	(34, 'user_mask', 'steam:110000106bb2848', '{}'),
	(35, 'user_mask', 'steam:11000010a803b70', '{}'),
	(36, 'property', 'steam:11000010a803b70', '{}'),
	(37, 'property', 'steam:11000010b25e717', '{}'),
	(38, 'user_mask', 'steam:11000010b25e717', '{}'),
	(39, 'user_mask', 'steam:110000109732ebc', '{}'),
	(40, 'property', 'steam:110000109732ebc', '{}');
/*!40000 ALTER TABLE `datastore_data` ENABLE KEYS */;

-- Dumping structure for table essentialmode.fine_types
CREATE TABLE IF NOT EXISTS `fine_types` (
  `id` int(11) NOT NULL AUTO_INCREMENT,
  `label` varchar(255) DEFAULT NULL,
  `amount` int(11) DEFAULT NULL,
  `category` int(11) DEFAULT NULL,
  PRIMARY KEY (`id`)
) ENGINE=InnoDB AUTO_INCREMENT=105 DEFAULT CHARSET=latin1;

-- Dumping data for table essentialmode.fine_types: ~52 rows (approximately)
/*!40000 ALTER TABLE `fine_types` DISABLE KEYS */;
INSERT INTO `fine_types` (`id`, `label`, `amount`, `category`) VALUES
	(53, 'Misuse of a horn', 30, 0),
	(54, 'Illegally Crossing a continuous Line', 40, 0),
	(55, 'Driving on the wrong side of the road', 250, 0),
	(56, 'Illegal U-Turn', 250, 0),
	(57, 'Illegally Driving Off-road', 170, 0),
	(58, 'Refusing a Lawful Command', 30, 0),
	(59, 'Illegally Stoped of a Vehicle', 150, 0),
	(60, 'Illegal Parking', 70, 0),
	(61, 'Failing to Yield to the right', 70, 0),
	(62, 'Failure to comply with Vehicle Information', 90, 0),
	(63, 'Failing to stop at a Stop Sign ', 105, 0),
	(64, 'Failing to stop at a Red Light', 130, 0),
	(65, 'Illegal Passing', 100, 0),
	(66, 'Driving an illegal Vehicle', 100, 0),
	(67, 'Driving without a License', 1500, 0),
	(68, 'Hit and Run', 800, 0),
	(69, 'Exceeding Speeds Over < 5 mph', 90, 0),
	(70, 'Exceeding Speeds Over 5-15 mph', 120, 0),
	(71, 'Exceeding Speeds Over 15-30 mph', 180, 0),
	(72, 'Exceeding Speeds Over > 30 mph', 300, 0),
	(73, 'Impeding traffic flow', 110, 1),
	(74, 'Public Intoxication', 90, 1),
	(75, 'Disorderly conduct', 90, 1),
	(76, 'Obstruction of Justice', 130, 1),
	(77, 'Insults towards Civilans', 75, 1),
	(78, 'Disrespecting of an LEO', 110, 1),
	(79, 'Verbal Threat towards a Civilan', 90, 1),
	(80, 'Verbal Threat towards an LEO', 150, 1),
	(81, 'Providing False Information', 250, 1),
	(82, 'Attempt of Corruption', 1500, 1),
	(83, 'Brandishing a weapon in city Limits', 120, 2),
	(84, 'Brandishing a Lethal Weapon in city Limits', 300, 2),
	(85, 'No Firearms License', 600, 2),
	(86, 'Possession of an Illegal Weapon', 700, 2),
	(87, 'Possession of Burglary Tools', 300, 2),
	(88, 'Grand Theft Auto', 1800, 2),
	(89, 'Intent to Sell/Distrube of an illegal Substance', 1500, 2),
	(90, 'Frabrication of an Illegal Substance', 1500, 2),
	(91, 'Possession of an Illegal Substance ', 650, 2),
	(92, 'Kidnapping of a Civilan', 1500, 2),
	(93, 'Kidnapping of an LEO', 2000, 2),
	(94, 'Robbery', 650, 2),
	(95, 'Armed Robbery of a Store', 650, 2),
	(96, 'Armed Robbery of a Bank', 1500, 2),
	(97, 'Assault on a Civilian', 2000, 3),
	(98, 'Assault of an LEO', 2500, 3),
	(99, 'Attempt of Murder of a Civilian', 3000, 3),
	(100, 'Attempt of Murder of an LEO', 5000, 3),
	(101, 'Murder of a Civilian', 10000, 3),
	(102, 'Murder of an LEO', 30000, 3),
	(103, 'Involuntary manslaughter', 1800, 3),
	(104, 'Fraud', 2000, 2);
/*!40000 ALTER TABLE `fine_types` ENABLE KEYS */;

-- Dumping structure for table essentialmode.h_impounded_vehicles
CREATE TABLE IF NOT EXISTS `h_impounded_vehicles` (
  `plate` varchar(12) NOT NULL,
  `officer` varchar(255) DEFAULT NULL,
  `mechanic` varchar(255) DEFAULT NULL,
  `releasedate` date NOT NULL,
  `fee` double NOT NULL,
  `reason` text NOT NULL,
  `notes` text DEFAULT NULL,
  `vehicle` text NOT NULL,
  `identifier` varchar(30) NOT NULL,
  PRIMARY KEY (`plate`)
) ENGINE=InnoDB DEFAULT CHARSET=latin1;

-- Dumping data for table essentialmode.h_impounded_vehicles: ~0 rows (approximately)
/*!40000 ALTER TABLE `h_impounded_vehicles` DISABLE KEYS */;
/*!40000 ALTER TABLE `h_impounded_vehicles` ENABLE KEYS */;

-- Dumping structure for table essentialmode.interiors
CREATE TABLE IF NOT EXISTS `interiors` (
  `id` int(11) NOT NULL AUTO_INCREMENT COMMENT 'key id',
  `enter` text NOT NULL COMMENT 'enter coords',
  `exit` text NOT NULL COMMENT 'destination coords',
  `iname` text NOT NULL,
  PRIMARY KEY (`id`)
) ENGINE=InnoDB AUTO_INCREMENT=3 DEFAULT CHARSET=utf8;

-- Dumping data for table essentialmode.interiors: ~2 rows (approximately)
/*!40000 ALTER TABLE `interiors` DISABLE KEYS */;
INSERT INTO `interiors` (`id`, `enter`, `exit`, `iname`) VALUES
	(1, '{-1045.888,-2751.017,21.3634,321.7075}', '{-1055.37,-2698.47,13.82,234.62}', 'first int'),
	(2, '{1851.36,3683.75,34.27,180.00}', '{1722.62,2493.31,-78.02,180.00}', 'Jail');
/*!40000 ALTER TABLE `interiors` ENABLE KEYS */;

-- Dumping structure for table essentialmode.items
CREATE TABLE IF NOT EXISTS `items` (
  `name` varchar(50) NOT NULL,
  `label` varchar(255) NOT NULL,
  `limit` int(11) NOT NULL DEFAULT -1,
  `rare` int(11) NOT NULL DEFAULT 0,
  `can_remove` int(11) NOT NULL DEFAULT 1,
  PRIMARY KEY (`name`)
) ENGINE=InnoDB DEFAULT CHARSET=latin1;

-- Dumping data for table essentialmode.items: ~40 rows (approximately)
/*!40000 ALTER TABLE `items` DISABLE KEYS */;
INSERT INTO `items` (`name`, `label`, `limit`, `rare`, `can_remove`) VALUES
	('alive_chicken', 'living chicken', 20, 0, 1),
	('bandage', 'Bandage', 20, 0, 1),
	('blowpipe', 'Blowtorch', 10, 0, 1),
	('bread', 'Sandwich', 10, 0, 1),
	('carokit', 'Body Kit', 3, 0, 1),
	('carotool', 'Tools', 4, 0, 1),
	('clothe', 'cloth', 40, 0, 1),
	('coke', 'Cocaine', 50, 0, 1),
	('coke_pooch', 'Bag of cocaine', 10, 0, 1),
	('copper', 'copper', 56, 0, 1),
	('cutted_wood', 'cut wood', 20, 0, 1),
	('diamond', 'diamond', 50, 0, 1),
	('drill', 'Vault Drill', 1, 0, 1),
	('essence', 'gas', 24, 0, 1),
	('fabric', 'fabric', 80, 0, 1),
	('fish', 'fish', 100, 0, 1),
	('fixkit', 'Repair Kit', 5, 0, 1),
	('fixtool', 'Repair Tools', 6, 0, 1),
	('gazbottle', 'Gas Bottle', 11, 0, 1),
	('gold', 'gold', 21, 0, 1),
	('iron', 'iron', 42, 0, 1),
	('medikit', 'Medikit', 5, 0, 1),
	('meth', 'Meth', 50, 0, 1),
	('meth_pooch', 'Bag of meth', 10, 0, 1),
	('opium', 'Opium', 50, 0, 1),
	('opium_pooch', 'Bag of opium', 10, 0, 1),
	('packaged_chicken', 'chicken fillet', 100, 0, 1),
	('packaged_plank', 'packaged wood', 100, 0, 1),
	('pepsi', 'pepsi', 5, 0, 1),
	('petrol', 'oil', 24, 0, 1),
	('petrol_raffin', 'processed oil', 24, 0, 1),
	('slaughtered_chicken', 'slaughtered chicken', 20, 0, 1),
	('stone', 'stone', 7, 0, 1),
	('vodka', 'Vodka', 5, 0, 1),
	('washed_stone', 'washed stone', 7, 0, 1),
	('water', 'Water', 5, 0, 1),
	('weed', 'Weed', 50, 0, 1),
	('weed_pooch', 'Bag of weed', 10, 0, 1),
	('wood', 'wood', 20, 0, 1),
	('wool', 'wool', 40, 0, 1);
/*!40000 ALTER TABLE `items` ENABLE KEYS */;

-- Dumping structure for table essentialmode.jail
CREATE TABLE IF NOT EXISTS `jail` (
  `identifier` varchar(100) NOT NULL,
  `jail_time` int(10) NOT NULL,
  PRIMARY KEY (`identifier`)
) ENGINE=InnoDB DEFAULT CHARSET=latin1;

-- Dumping data for table essentialmode.jail: ~0 rows (approximately)
/*!40000 ALTER TABLE `jail` DISABLE KEYS */;
/*!40000 ALTER TABLE `jail` ENABLE KEYS */;

-- Dumping structure for table essentialmode.jobs
CREATE TABLE IF NOT EXISTS `jobs` (
  `name` varchar(50) NOT NULL,
  `label` varchar(255) DEFAULT NULL,
  `whitelisted` tinyint(1) NOT NULL DEFAULT 0,
  PRIMARY KEY (`name`)
) ENGINE=InnoDB DEFAULT CHARSET=latin1;

-- Dumping data for table essentialmode.jobs: ~15 rows (approximately)
/*!40000 ALTER TABLE `jobs` DISABLE KEYS */;
INSERT INTO `jobs` (`name`, `label`, `whitelisted`) VALUES
	('ambulance', 'Fire/EMS', 1),
	('cardealer', 'Cardealer', 0),
	('carthief', 'Car Thief', 0),
	('fisherman', 'Fisherman', 0),
	('fueler', 'Fueler', 0),
	('lumberjack', 'Lumberjack', 0),
	('mecano', 'Mechanic', 0),
	('miner', 'Miner', 0),
	('police', 'LSPD', 1),
	('reporter', 'Reporter', 0),
	('slaughterer', 'Butcher', 0),
	('tailor', 'Tailor', 0),
	('taxi', 'Taxi', 0),
	('trucker', 'Trucker', 0),
	('unemployed', 'Unemployed', 0);
/*!40000 ALTER TABLE `jobs` ENABLE KEYS */;

-- Dumping structure for table essentialmode.job_grades
CREATE TABLE IF NOT EXISTS `job_grades` (
  `id` int(11) NOT NULL AUTO_INCREMENT,
  `job_name` varchar(255) DEFAULT NULL,
  `grade` int(11) NOT NULL,
  `name` varchar(255) NOT NULL,
  `label` varchar(255) NOT NULL,
  `salary` int(11) NOT NULL,
  `skin_male` longtext NOT NULL,
  `skin_female` longtext NOT NULL,
  PRIMARY KEY (`id`)
) ENGINE=InnoDB AUTO_INCREMENT=41 DEFAULT CHARSET=latin1;

-- Dumping data for table essentialmode.job_grades: ~40 rows (approximately)
/*!40000 ALTER TABLE `job_grades` DISABLE KEYS */;
INSERT INTO `job_grades` (`id`, `job_name`, `grade`, `name`, `label`, `salary`, `skin_male`, `skin_female`) VALUES
	(1, 'unemployed', 0, 'unemployed', 'Unemployed', 200, '{}', '{}'),
	(2, 'police', 0, 'recruit', 'Cadet', 150, '{}', '{}'),
	(3, 'police', 1, 'officer', 'Officer', 250, '{}', '{}'),
	(4, 'police', 2, 'sergeant', 'Sergeant', 350, '{}', '{}'),
	(5, 'police', 3, 'lieutenant', 'Lieutenant', 450, '{}', '{}'),
	(6, 'police', 4, 'boss', 'Chief of Police', 1000, '{}', '{}'),
	(7, 'ambulance', 0, 'ambulance', 'Jr. EMT', 100, '{"tshirt_2":0,"hair_color_1":5,"glasses_2":3,"shoes":9,"torso_2":3,"hair_color_2":0,"pants_1":24,"glasses_1":4,"hair_1":2,"sex":0,"decals_2":0,"tshirt_1":15,"helmet_1":8,"helmet_2":0,"arms":92,"face":19,"decals_1":60,"torso_1":13,"hair_2":0,"skin":34,"pants_2":5}', '{"tshirt_2":3,"decals_2":0,"glasses":0,"hair_1":2,"torso_1":73,"shoes":1,"hair_color_2":0,"glasses_1":19,"skin":13,"face":6,"pants_2":5,"tshirt_1":75,"pants_1":37,"helmet_1":57,"torso_2":0,"arms":14,"sex":1,"glasses_2":0,"decals_1":0,"hair_2":0,"helmet_2":0,"hair_color_1":0}'),
	(8, 'ambulance', 1, 'doctor', 'EMT', 250, '{"tshirt_2":0,"hair_color_1":5,"glasses_2":3,"shoes":9,"torso_2":3,"hair_color_2":0,"pants_1":24,"glasses_1":4,"hair_1":2,"sex":0,"decals_2":0,"tshirt_1":15,"helmet_1":8,"helmet_2":0,"arms":92,"face":19,"decals_1":60,"torso_1":13,"hair_2":0,"skin":34,"pants_2":5}', '{"tshirt_2":3,"decals_2":0,"glasses":0,"hair_1":2,"torso_1":73,"shoes":1,"hair_color_2":0,"glasses_1":19,"skin":13,"face":6,"pants_2":5,"tshirt_1":75,"pants_1":37,"helmet_1":57,"torso_2":0,"arms":14,"sex":1,"glasses_2":0,"decals_1":0,"hair_2":0,"helmet_2":0,"hair_color_1":0}'),
	(9, 'ambulance', 2, 'chief_doctor', 'Sr. EMT', 300, '{"tshirt_2":0,"hair_color_1":5,"glasses_2":3,"shoes":9,"torso_2":3,"hair_color_2":0,"pants_1":24,"glasses_1":4,"hair_1":2,"sex":0,"decals_2":0,"tshirt_1":15,"helmet_1":8,"helmet_2":0,"arms":92,"face":19,"decals_1":60,"torso_1":13,"hair_2":0,"skin":34,"pants_2":5}', '{"tshirt_2":3,"decals_2":0,"glasses":0,"hair_1":2,"torso_1":73,"shoes":1,"hair_color_2":0,"glasses_1":19,"skin":13,"face":6,"pants_2":5,"tshirt_1":75,"pants_1":37,"helmet_1":57,"torso_2":0,"arms":14,"sex":1,"glasses_2":0,"decals_1":0,"hair_2":0,"helmet_2":0,"hair_color_1":0}'),
	(10, 'ambulance', 3, 'boss', 'EMT Supervisor', 400, '{"tshirt_2":0,"hair_color_1":5,"glasses_2":3,"shoes":9,"torso_2":3,"hair_color_2":0,"pants_1":24,"glasses_1":4,"hair_1":2,"sex":0,"decals_2":0,"tshirt_1":15,"helmet_1":8,"helmet_2":0,"arms":92,"face":19,"decals_1":60,"torso_1":13,"hair_2":0,"skin":34,"pants_2":5}', '{"tshirt_2":3,"decals_2":0,"glasses":0,"hair_1":2,"torso_1":73,"shoes":1,"hair_color_2":0,"glasses_1":19,"skin":13,"face":6,"pants_2":5,"tshirt_1":75,"pants_1":37,"helmet_1":57,"torso_2":0,"arms":14,"sex":1,"glasses_2":0,"decals_1":0,"hair_2":0,"helmet_2":0,"hair_color_1":0}'),
	(11, 'cardealer', 0, 'recruit', 'Recruit', 10, '{}', '{}'),
	(12, 'cardealer', 1, 'novice', 'Novice', 25, '{}', '{}'),
	(13, 'cardealer', 2, 'experienced', 'Experienced', 40, '{}', '{}'),
	(14, 'cardealer', 3, 'boss', 'CEO', 0, '{}', '{}'),
	(15, 'taxi', 0, 'recrue', 'Recruit', 12, '{"hair_2":0,"hair_color_2":0,"torso_1":32,"bags_1":0,"helmet_2":0,"chain_2":0,"eyebrows_3":0,"makeup_3":0,"makeup_2":0,"tshirt_1":31,"makeup_1":0,"bags_2":0,"makeup_4":0,"eyebrows_4":0,"chain_1":0,"lipstick_4":0,"bproof_2":0,"hair_color_1":0,"decals_2":0,"pants_2":0,"age_2":0,"glasses_2":0,"ears_2":0,"arms":27,"lipstick_1":0,"ears_1":-1,"mask_2":0,"sex":0,"lipstick_3":0,"helmet_1":-1,"shoes_2":0,"beard_2":0,"beard_1":0,"lipstick_2":0,"beard_4":0,"glasses_1":0,"bproof_1":0,"mask_1":0,"decals_1":1,"hair_1":0,"eyebrows_2":0,"beard_3":0,"age_1":0,"tshirt_2":0,"skin":0,"torso_2":0,"eyebrows_1":0,"face":0,"shoes_1":10,"pants_1":24}', '{"hair_2":0,"hair_color_2":0,"torso_1":57,"bags_1":0,"helmet_2":0,"chain_2":0,"eyebrows_3":0,"makeup_3":0,"makeup_2":0,"tshirt_1":38,"makeup_1":0,"bags_2":0,"makeup_4":0,"eyebrows_4":0,"chain_1":0,"lipstick_4":0,"bproof_2":0,"hair_color_1":0,"decals_2":0,"pants_2":1,"age_2":0,"glasses_2":0,"ears_2":0,"arms":21,"lipstick_1":0,"ears_1":-1,"mask_2":0,"sex":1,"lipstick_3":0,"helmet_1":-1,"shoes_2":0,"beard_2":0,"beard_1":0,"lipstick_2":0,"beard_4":0,"glasses_1":5,"bproof_1":0,"mask_1":0,"decals_1":1,"hair_1":0,"eyebrows_2":0,"beard_3":0,"age_1":0,"tshirt_2":0,"skin":0,"torso_2":0,"eyebrows_1":0,"face":0,"shoes_1":49,"pants_1":11}'),
	(16, 'taxi', 1, 'novice', 'Cabby', 24, '{"hair_2":0,"hair_color_2":0,"torso_1":32,"bags_1":0,"helmet_2":0,"chain_2":0,"eyebrows_3":0,"makeup_3":0,"makeup_2":0,"tshirt_1":31,"makeup_1":0,"bags_2":0,"makeup_4":0,"eyebrows_4":0,"chain_1":0,"lipstick_4":0,"bproof_2":0,"hair_color_1":0,"decals_2":0,"pants_2":0,"age_2":0,"glasses_2":0,"ears_2":0,"arms":27,"lipstick_1":0,"ears_1":-1,"mask_2":0,"sex":0,"lipstick_3":0,"helmet_1":-1,"shoes_2":0,"beard_2":0,"beard_1":0,"lipstick_2":0,"beard_4":0,"glasses_1":0,"bproof_1":0,"mask_1":0,"decals_1":1,"hair_1":0,"eyebrows_2":0,"beard_3":0,"age_1":0,"tshirt_2":0,"skin":0,"torso_2":0,"eyebrows_1":0,"face":0,"shoes_1":10,"pants_1":24}', '{"hair_2":0,"hair_color_2":0,"torso_1":57,"bags_1":0,"helmet_2":0,"chain_2":0,"eyebrows_3":0,"makeup_3":0,"makeup_2":0,"tshirt_1":38,"makeup_1":0,"bags_2":0,"makeup_4":0,"eyebrows_4":0,"chain_1":0,"lipstick_4":0,"bproof_2":0,"hair_color_1":0,"decals_2":0,"pants_2":1,"age_2":0,"glasses_2":0,"ears_2":0,"arms":21,"lipstick_1":0,"ears_1":-1,"mask_2":0,"sex":1,"lipstick_3":0,"helmet_1":-1,"shoes_2":0,"beard_2":0,"beard_1":0,"lipstick_2":0,"beard_4":0,"glasses_1":5,"bproof_1":0,"mask_1":0,"decals_1":1,"hair_1":0,"eyebrows_2":0,"beard_3":0,"age_1":0,"tshirt_2":0,"skin":0,"torso_2":0,"eyebrows_1":0,"face":0,"shoes_1":49,"pants_1":11}'),
	(17, 'taxi', 2, 'experimente', 'Experienced', 36, '{"hair_2":0,"hair_color_2":0,"torso_1":26,"bags_1":0,"helmet_2":0,"chain_2":0,"eyebrows_3":0,"makeup_3":0,"makeup_2":0,"tshirt_1":57,"makeup_1":0,"bags_2":0,"makeup_4":0,"eyebrows_4":0,"chain_1":0,"lipstick_4":0,"bproof_2":0,"hair_color_1":0,"decals_2":0,"pants_2":4,"age_2":0,"glasses_2":0,"ears_2":0,"arms":11,"lipstick_1":0,"ears_1":-1,"mask_2":0,"sex":0,"lipstick_3":0,"helmet_1":-1,"shoes_2":0,"beard_2":0,"beard_1":0,"lipstick_2":0,"beard_4":0,"glasses_1":0,"bproof_1":0,"mask_1":0,"decals_1":0,"hair_1":0,"eyebrows_2":0,"beard_3":0,"age_1":0,"tshirt_2":0,"skin":0,"torso_2":0,"eyebrows_1":0,"face":0,"shoes_1":10,"pants_1":24}', '{"hair_2":0,"hair_color_2":0,"torso_1":57,"bags_1":0,"helmet_2":0,"chain_2":0,"eyebrows_3":0,"makeup_3":0,"makeup_2":0,"tshirt_1":38,"makeup_1":0,"bags_2":0,"makeup_4":0,"eyebrows_4":0,"chain_1":0,"lipstick_4":0,"bproof_2":0,"hair_color_1":0,"decals_2":0,"pants_2":1,"age_2":0,"glasses_2":0,"ears_2":0,"arms":21,"lipstick_1":0,"ears_1":-1,"mask_2":0,"sex":1,"lipstick_3":0,"helmet_1":-1,"shoes_2":0,"beard_2":0,"beard_1":0,"lipstick_2":0,"beard_4":0,"glasses_1":5,"bproof_1":0,"mask_1":0,"decals_1":1,"hair_1":0,"eyebrows_2":0,"beard_3":0,"age_1":0,"tshirt_2":0,"skin":0,"torso_2":0,"eyebrows_1":0,"face":0,"shoes_1":49,"pants_1":11}'),
	(18, 'taxi', 3, 'uber', 'Uber Cabby', 48, '{"hair_2":0,"hair_color_2":0,"torso_1":26,"bags_1":0,"helmet_2":0,"chain_2":0,"eyebrows_3":0,"makeup_3":0,"makeup_2":0,"tshirt_1":57,"makeup_1":0,"bags_2":0,"makeup_4":0,"eyebrows_4":0,"chain_1":0,"lipstick_4":0,"bproof_2":0,"hair_color_1":0,"decals_2":0,"pants_2":4,"age_2":0,"glasses_2":0,"ears_2":0,"arms":11,"lipstick_1":0,"ears_1":-1,"mask_2":0,"sex":0,"lipstick_3":0,"helmet_1":-1,"shoes_2":0,"beard_2":0,"beard_1":0,"lipstick_2":0,"beard_4":0,"glasses_1":0,"bproof_1":0,"mask_1":0,"decals_1":0,"hair_1":0,"eyebrows_2":0,"beard_3":0,"age_1":0,"tshirt_2":0,"skin":0,"torso_2":0,"eyebrows_1":0,"face":0,"shoes_1":10,"pants_1":24}', '{"hair_2":0,"hair_color_2":0,"torso_1":57,"bags_1":0,"helmet_2":0,"chain_2":0,"eyebrows_3":0,"makeup_3":0,"makeup_2":0,"tshirt_1":38,"makeup_1":0,"bags_2":0,"makeup_4":0,"eyebrows_4":0,"chain_1":0,"lipstick_4":0,"bproof_2":0,"hair_color_1":0,"decals_2":0,"pants_2":1,"age_2":0,"glasses_2":0,"ears_2":0,"arms":21,"lipstick_1":0,"ears_1":-1,"mask_2":0,"sex":1,"lipstick_3":0,"helmet_1":-1,"shoes_2":0,"beard_2":0,"beard_1":0,"lipstick_2":0,"beard_4":0,"glasses_1":5,"bproof_1":0,"mask_1":0,"decals_1":1,"hair_1":0,"eyebrows_2":0,"beard_3":0,"age_1":0,"tshirt_2":0,"skin":0,"torso_2":0,"eyebrows_1":0,"face":0,"shoes_1":49,"pants_1":11}'),
	(19, 'taxi', 4, 'boss', 'Lead Cabby', 0, '{"hair_2":0,"hair_color_2":0,"torso_1":29,"bags_1":0,"helmet_2":0,"chain_2":0,"eyebrows_3":0,"makeup_3":0,"makeup_2":0,"tshirt_1":31,"makeup_1":0,"bags_2":0,"makeup_4":0,"eyebrows_4":0,"chain_1":0,"lipstick_4":0,"bproof_2":0,"hair_color_1":0,"decals_2":0,"pants_2":4,"age_2":0,"glasses_2":0,"ears_2":0,"arms":1,"lipstick_1":0,"ears_1":-1,"mask_2":0,"sex":0,"lipstick_3":0,"helmet_1":-1,"shoes_2":0,"beard_2":0,"beard_1":0,"lipstick_2":0,"beard_4":0,"glasses_1":0,"bproof_1":0,"mask_1":0,"decals_1":0,"hair_1":0,"eyebrows_2":0,"beard_3":0,"age_1":0,"tshirt_2":0,"skin":0,"torso_2":4,"eyebrows_1":0,"face":0,"shoes_1":10,"pants_1":24}', '{"hair_2":0,"hair_color_2":0,"torso_1":57,"bags_1":0,"helmet_2":0,"chain_2":0,"eyebrows_3":0,"makeup_3":0,"makeup_2":0,"tshirt_1":38,"makeup_1":0,"bags_2":0,"makeup_4":0,"eyebrows_4":0,"chain_1":0,"lipstick_4":0,"bproof_2":0,"hair_color_1":0,"decals_2":0,"pants_2":1,"age_2":0,"glasses_2":0,"ears_2":0,"arms":21,"lipstick_1":0,"ears_1":-1,"mask_2":0,"sex":1,"lipstick_3":0,"helmet_1":-1,"shoes_2":0,"beard_2":0,"beard_1":0,"lipstick_2":0,"beard_4":0,"glasses_1":5,"bproof_1":0,"mask_1":0,"decals_1":1,"hair_1":0,"eyebrows_2":0,"beard_3":0,"age_1":0,"tshirt_2":0,"skin":0,"torso_2":0,"eyebrows_1":0,"face":0,"shoes_1":49,"pants_1":11}'),
	(20, 'lumberjack', 0, 'employee', 'Employee', 0, '{}', '{}'),
	(21, 'fisherman', 0, 'employee', 'Employee', 0, '{}', '{}'),
	(22, 'fueler', 0, 'employee', 'Employee', 0, '{}', '{}'),
	(23, 'reporter', 0, 'employee', 'Employee', 0, '{}', '{}'),
	(24, 'tailor', 0, 'employee', 'Employee', 0, '{"mask_1":0,"arms":1,"glasses_1":0,"hair_color_2":4,"makeup_1":0,"face":19,"glasses":0,"mask_2":0,"makeup_3":0,"skin":29,"helmet_2":0,"lipstick_4":0,"sex":0,"torso_1":24,"makeup_2":0,"bags_2":0,"chain_2":0,"ears_1":-1,"bags_1":0,"bproof_1":0,"shoes_2":0,"lipstick_2":0,"chain_1":0,"tshirt_1":0,"eyebrows_3":0,"pants_2":0,"beard_4":0,"torso_2":0,"beard_2":6,"ears_2":0,"hair_2":0,"shoes_1":36,"tshirt_2":0,"beard_3":0,"hair_1":2,"hair_color_1":0,"pants_1":48,"helmet_1":-1,"bproof_2":0,"eyebrows_4":0,"eyebrows_2":0,"decals_1":0,"age_2":0,"beard_1":5,"shoes":10,"lipstick_1":0,"eyebrows_1":0,"glasses_2":0,"makeup_4":0,"decals_2":0,"lipstick_3":0,"age_1":0}', '{"mask_1":0,"arms":5,"glasses_1":5,"hair_color_2":4,"makeup_1":0,"face":19,"glasses":0,"mask_2":0,"makeup_3":0,"skin":29,"helmet_2":0,"lipstick_4":0,"sex":1,"torso_1":52,"makeup_2":0,"bags_2":0,"chain_2":0,"ears_1":-1,"bags_1":0,"bproof_1":0,"shoes_2":1,"lipstick_2":0,"chain_1":0,"tshirt_1":23,"eyebrows_3":0,"pants_2":0,"beard_4":0,"torso_2":0,"beard_2":6,"ears_2":0,"hair_2":0,"shoes_1":42,"tshirt_2":4,"beard_3":0,"hair_1":2,"hair_color_1":0,"pants_1":36,"helmet_1":-1,"bproof_2":0,"eyebrows_4":0,"eyebrows_2":0,"decals_1":0,"age_2":0,"beard_1":5,"shoes":10,"lipstick_1":0,"eyebrows_1":0,"glasses_2":0,"makeup_4":0,"decals_2":0,"lipstick_3":0,"age_1":0}'),
	(25, 'miner', 0, 'employee', 'Employee', 0, '{"tshirt_2":1,"ears_1":8,"glasses_1":15,"torso_2":0,"ears_2":2,"glasses_2":3,"shoes_2":1,"pants_1":75,"shoes_1":51,"bags_1":0,"helmet_2":0,"pants_2":7,"torso_1":71,"tshirt_1":59,"arms":2,"bags_2":0,"helmet_1":0}', '{}'),
	(26, 'slaughterer', 0, 'employee', 'Employee', 0, '{"age_1":0,"glasses_2":0,"beard_1":5,"decals_2":0,"beard_4":0,"shoes_2":0,"tshirt_2":0,"lipstick_2":0,"hair_2":0,"arms":67,"pants_1":36,"skin":29,"eyebrows_2":0,"shoes":10,"helmet_1":-1,"lipstick_1":0,"helmet_2":0,"hair_color_1":0,"glasses":0,"makeup_4":0,"makeup_1":0,"hair_1":2,"bproof_1":0,"bags_1":0,"mask_1":0,"lipstick_3":0,"chain_1":0,"eyebrows_4":0,"sex":0,"torso_1":56,"beard_2":6,"shoes_1":12,"decals_1":0,"face":19,"lipstick_4":0,"tshirt_1":15,"mask_2":0,"age_2":0,"eyebrows_3":0,"chain_2":0,"glasses_1":0,"ears_1":-1,"bags_2":0,"ears_2":0,"torso_2":0,"bproof_2":0,"makeup_2":0,"eyebrows_1":0,"makeup_3":0,"pants_2":0,"beard_3":0,"hair_color_2":4}', '{"age_1":0,"glasses_2":0,"beard_1":5,"decals_2":0,"beard_4":0,"shoes_2":0,"tshirt_2":0,"lipstick_2":0,"hair_2":0,"arms":72,"pants_1":45,"skin":29,"eyebrows_2":0,"shoes":10,"helmet_1":-1,"lipstick_1":0,"helmet_2":0,"hair_color_1":0,"glasses":0,"makeup_4":0,"makeup_1":0,"hair_1":2,"bproof_1":0,"bags_1":0,"mask_1":0,"lipstick_3":0,"chain_1":0,"eyebrows_4":0,"sex":1,"torso_1":49,"beard_2":6,"shoes_1":24,"decals_1":0,"face":19,"lipstick_4":0,"tshirt_1":9,"mask_2":0,"age_2":0,"eyebrows_3":0,"chain_2":0,"glasses_1":5,"ears_1":-1,"bags_2":0,"ears_2":0,"torso_2":0,"bproof_2":0,"makeup_2":0,"eyebrows_1":0,"makeup_3":0,"pants_2":0,"beard_3":0,"hair_color_2":4}'),
	(27, 'mecano', 0, 'recrue', 'Recruit', 12, '{}', '{}'),
	(28, 'mecano', 1, 'novice', 'Novice', 24, '{}', '{}'),
	(29, 'mecano', 2, 'experimente', 'Experienced', 36, '{}', '{}'),
	(30, 'mecano', 3, 'chief', 'Leader', 48, '{}', '{}'),
	(31, 'mecano', 4, 'boss', 'Boss', 0, '{}', '{}'),
	(32, 'ambulance', 4, 'ff_probie', 'Probie', 100, '', ''),
	(33, 'ambulance', 5, 'ff_emt', 'Fire EMT', 250, '', ''),
	(34, 'ambulance', 6, 'ff_lt', 'Fire Lieutenant', 300, '', ''),
	(35, 'ambulance', 7, 'ff_capt', 'Fire Captain', 350, '', ''),
	(36, 'ambulance', 8, 'ff_chief', 'Fire Battalion Chief', 400, '', ''),
	(37, 'trucker', 0, 'employee', 'Driver', 200, '{"tshirt_1":59,"torso_1":89,"arms":31,"pants_1":36,"glasses_1":19,"decals_2":0,"hair_color_2":0,"helmet_2":0,"hair_color_1":0,"face":2,"glasses_2":0,"torso_2":1,"shoes":35,"hair_1":0,"skin":0,"sex":0,"glasses_1":19,"pants_2":0,"hair_2":0,"decals_1":0,"tshirt_2":0,"helmet_1":5}', '{"tshirt_1":36,"torso_1":0,"arms":68,"pants_1":30,"glasses_1":15,"decals_2":0,"hair_color_2":0,"helmet_2":0,"hair_color_1":0,"face":27,"glasses_2":0,"torso_2":11,"shoes":26,"hair_1":5,"skin":0,"sex":1,"glasses_1":15,"pants_2":2,"hair_2":0,"decals_1":0,"tshirt_2":0,"helmet_1":19}'),
	(38, 'carthief', 0, 'thief', 'Thief', 0, '{}', '{}'),
	(39, 'carthief', 1, 'bodyguard', 'Bodyguard', 0, '{}', '{}'),
	(40, 'carthief', 2, 'boss', 'Boss', 0, '{}', '{}');
/*!40000 ALTER TABLE `job_grades` ENABLE KEYS */;

-- Dumping structure for table essentialmode.licenses
CREATE TABLE IF NOT EXISTS `licenses` (
  `type` varchar(60) NOT NULL,
  `label` varchar(60) NOT NULL,
  PRIMARY KEY (`type`)
) ENGINE=InnoDB DEFAULT CHARSET=latin1;

-- Dumping data for table essentialmode.licenses: ~4 rows (approximately)
/*!40000 ALTER TABLE `licenses` DISABLE KEYS */;
INSERT INTO `licenses` (`type`, `label`) VALUES
	('boat', 'Boat License'),
	('commerical', 'Commerical Drivers License'),
	('motorcycle', 'Motorcycle License'),
	('weapon', 'Weapons Permit');
/*!40000 ALTER TABLE `licenses` ENABLE KEYS */;

-- Dumping structure for table essentialmode.owned_properties
CREATE TABLE IF NOT EXISTS `owned_properties` (
  `id` int(11) NOT NULL AUTO_INCREMENT,
  `name` varchar(255) NOT NULL,
  `price` double NOT NULL,
  `rented` int(11) NOT NULL,
  `owner` varchar(60) NOT NULL,
  PRIMARY KEY (`id`)
) ENGINE=InnoDB AUTO_INCREMENT=8 DEFAULT CHARSET=latin1;

-- Dumping data for table essentialmode.owned_properties: ~5 rows (approximately)
/*!40000 ALTER TABLE `owned_properties` DISABLE KEYS */;
INSERT INTO `owned_properties` (`id`, `name`, `price`, `rented`, `owner`) VALUES
	(2, 'MBWPowerBrokerConvservative', 2700000, 0, 'steam:110000107da364f'),
	(3, 'DellPerroHeightst4', 1700000, 0, 'steam:110000107da364f'),
	(4, 'MBWExecutive Contrast', 2700000, 0, 'steam:110000107da364f'),
	(6, 'IntegrityWay30', 1700000, 0, 'steam:110000115292d86'),
	(7, 'NorthConkerAvenue2045', 1500000, 0, 'steam:110000107da364f');
/*!40000 ALTER TABLE `owned_properties` ENABLE KEYS */;

-- Dumping structure for table essentialmode.owned_vehicles
CREATE TABLE IF NOT EXISTS `owned_vehicles` (
  `owner` varchar(30) DEFAULT NULL,
  `plate` varchar(12) NOT NULL,
  `vehicle` longtext DEFAULT NULL,
  `vehicleType` varchar(20) DEFAULT 'car',
  `stored` tinyint(1) NOT NULL DEFAULT 1,
  PRIMARY KEY (`plate`)
) ENGINE=InnoDB DEFAULT CHARSET=latin1;

-- Dumping data for table essentialmode.owned_vehicles: ~4 rows (approximately)
/*!40000 ALTER TABLE `owned_vehicles` DISABLE KEYS */;
INSERT INTO `owned_vehicles` (`owner`, `plate`, `vehicle`, `vehicleType`, `stored`) VALUES
	('steam:110000107da364f', 'CYS 364', '{"modRightFender":-1,"windowTint":-1,"modSeats":-1,"modOrnaments":-1,"modFrontWheels":-1,"modPlateHolder":-1,"neonEnabled":[false,false,false,false],"modXenon":false,"wheels":3,"modSpoilers":-1,"modFrontBumper":-1,"modTrimA":-1,"modStruts":-1,"modRoof":-1,"plate":"CYS 364","plateIndex":0,"dirtLevel":10.000011444092,"model":142944341,"wheelColor":156,"modWindows":-1,"modExhaust":-1,"modAerials":-1,"modTrimB":-1,"modAirFilter":-1,"modRearBumper":-1,"modDial":-1,"modFender":-1,"pearlescentColor":111,"modTank":-1,"modBackWheels":-1,"modShifterLeavers":-1,"modEngineBlock":-1,"modEngine":-1,"modSuspension":-1,"modArmor":-1,"modHorns":-1,"modTransmission":-1,"modHydrolic":-1,"modFrame":-1,"modSideSkirt":-1,"modTrunk":-1,"modSteeringWheel":-1,"modSmokeEnabled":false,"modSpeakers":-1,"modArchCover":-1,"color1":4,"modDoorSpeaker":-1,"modAPlate":-1,"modLivery":-1,"health":1000,"color2":0,"tyreSmokeColor":[255,255,255],"modVanityPlate":-1,"modHood":-1,"modBrakes":-1,"modTurbo":false,"neonColor":[255,0,255],"modDashboard":-1,"modGrille":-1}', 'car', 1),
	('steam:110000107da364f', 'MJW 291', '{"color1":6,"modStruts":-1,"modDashboard":-1,"modWindows":-1,"health":984,"modTransmission":-1,"neonEnabled":[false,false,false,false],"modBackWheels":-1,"modFrame":-1,"modBrakes":-1,"color2":6,"plate":"MJW 291 ","modShifterLeavers":-1,"modHydrolic":-1,"modXenon":false,"modTurbo":false,"modRoof":1,"modHorns":-1,"modRightFender":-1,"modEngine":-1,"modArchCover":-1,"modSmokeEnabled":1,"modFrontWheels":-1,"modAPlate":-1,"modTrunk":-1,"modPlateHolder":-1,"modAirFilter":-1,"modFrontBumper":-1,"tyreSmokeColor":[255,255,255],"modDial":-1,"modVanityPlate":-1,"modSuspension":-1,"modTank":-1,"modExhaust":-1,"modRearBumper":-1,"modArmor":-1,"modAerials":-1,"modFender":-1,"windowTint":-1,"modSpoilers":-1,"modTrimB":-1,"neonColor":[255,0,255],"modLivery":-1,"plateIndex":0,"modSteeringWheel":-1,"modSideSkirt":-1,"modSpeakers":-1,"modTrimA":-1,"dirtLevel":15.0,"pearlescentColor":111,"modSeats":-1,"modEngineBlock":-1,"wheels":4,"model":-1237253773,"modOrnaments":-1,"wheelColor":156,"modHood":1,"modDoorSpeaker":-1,"modGrille":-1}', 'car', 1),
	('steam:110000107da364f', 'WYD 670', '{"modSpeakers":-1,"modPlateHolder":-1,"plateIndex":0,"modFrontBumper":-1,"modRoof":-1,"modTrunk":-1,"modHydrolic":-1,"modSeats":-1,"modArmor":-1,"modBrakes":-1,"modTurbo":false,"wheels":0,"modStruts":-1,"wheelColor":156,"neonColor":[255,0,255],"health":1000,"modHood":-1,"modGrille":-1,"modEngineBlock":-1,"modTrimB":-1,"modBackWheels":-1,"modAerials":-1,"pearlescentColor":5,"modSuspension":-1,"modFrame":-1,"modSpoilers":-1,"modDoorSpeaker":-1,"modFender":-1,"modSmokeEnabled":false,"modLivery":-1,"model":970598228,"modTank":-1,"modDashboard":-1,"plate":"WYD 670","modFrontWheels":-1,"modRearBumper":-1,"modTrimA":-1,"modShifterLeavers":-1,"modAPlate":-1,"modArchCover":-1,"color2":1,"neonEnabled":[false,false,false,false],"modRightFender":-1,"modEngine":-1,"modSteeringWheel":-1,"modXenon":false,"color1":1,"modDial":-1,"modWindows":-1,"dirtLevel":8.0,"modSideSkirt":-1,"tyreSmokeColor":[255,255,255],"modOrnaments":-1,"windowTint":-1,"modTransmission":-1,"modHorns":-1,"modExhaust":-1,"modVanityPlate":-1,"modAirFilter":-1}', 'car', 1),
	('steam:110000115292d86', 'XWE 693', '{"modExhaust":-1,"modSmokeEnabled":false,"modTurbo":false,"plateIndex":0,"modFrontBumper":-1,"modAerials":-1,"modArmor":-1,"dirtLevel":5.0045509338379,"modOrnaments":-1,"modSpeakers":-1,"tyreSmokeColor":[255,255,255],"modDashboard":-1,"modRightFender":-1,"windowTint":-1,"modTrimB":-1,"modRearBumper":-1,"neonEnabled":[false,false,false,false],"health":1000,"modSteeringWheel":-1,"modStruts":-1,"modWindows":-1,"modEngine":-1,"modFrontWheels":-1,"modPlateHolder":-1,"modXenon":false,"modTransmission":-1,"modSpoilers":-1,"modVanityPlate":-1,"modHood":-1,"modTrimA":-1,"modBackWheels":-1,"modFender":-1,"pearlescentColor":92,"color2":57,"plate":"XWE 693","modEngineBlock":-1,"modSuspension":-1,"modTrunk":-1,"modDial":-1,"modFrame":-1,"modDoorSpeaker":-1,"modAirFilter":-1,"neonColor":[255,0,255],"wheels":7,"modArchCover":-1,"modBrakes":-1,"modAPlate":-1,"modGrille":-1,"color1":0,"wheelColor":156,"modTank":-1,"modShifterLeavers":-1,"modLivery":-1,"model":-1829802492,"modRoof":-1,"modHydrolic":-1,"modSeats":-1,"modHorns":-1,"modSideSkirt":-1}', 'car', 1);
/*!40000 ALTER TABLE `owned_vehicles` ENABLE KEYS */;

-- Dumping structure for table essentialmode.properties
CREATE TABLE IF NOT EXISTS `properties` (
  `id` int(11) NOT NULL AUTO_INCREMENT,
  `name` varchar(255) DEFAULT NULL,
  `label` varchar(255) DEFAULT NULL,
  `entering` varchar(255) DEFAULT NULL,
  `exit` varchar(255) DEFAULT NULL,
  `inside` varchar(255) DEFAULT NULL,
  `outside` varchar(255) DEFAULT NULL,
  `ipls` varchar(255) DEFAULT '[]',
  `gateway` varchar(255) DEFAULT NULL,
  `is_single` int(11) DEFAULT NULL,
  `is_room` int(11) DEFAULT NULL,
  `is_gateway` int(11) DEFAULT NULL,
  `room_menu` varchar(255) DEFAULT NULL,
  `price` int(11) NOT NULL,
  PRIMARY KEY (`id`)
) ENGINE=InnoDB AUTO_INCREMENT=73 DEFAULT CHARSET=latin1;

-- Dumping data for table essentialmode.properties: ~72 rows (approximately)
/*!40000 ALTER TABLE `properties` DISABLE KEYS */;
INSERT INTO `properties` (`id`, `name`, `label`, `entering`, `exit`, `inside`, `outside`, `ipls`, `gateway`, `is_single`, `is_room`, `is_gateway`, `room_menu`, `price`) VALUES
	(1, 'WhispymoundDrive', '2677 Whispymound Drive', '{"y":564.89,"z":182.959,"x":119.384}', '{"x":117.347,"y":559.506,"z":183.304}', '{"y":557.032,"z":183.301,"x":118.037}', '{"y":567.798,"z":182.131,"x":119.249}', '[]', NULL, 1, 1, 0, '{"x":118.748,"y":566.573,"z":175.697}', 1500000),
	(2, 'NorthConkerAvenue2045', '2045 North Conker Avenue', '{"x":372.796,"y":428.327,"z":144.685}', '{"x":373.548,"y":422.982,"z":144.907},', '{"y":420.075,"z":145.904,"x":372.161}', '{"x":372.454,"y":432.886,"z":143.443}', '[]', NULL, 1, 1, 0, '{"x":377.349,"y":429.422,"z":137.3}', 1500000),
	(3, 'RichardMajesticApt2', 'Richard Majestic, Apt 2', '{"y":-379.165,"z":37.961,"x":-936.363}', '{"y":-365.476,"z":113.274,"x":-913.097}', '{"y":-367.637,"z":113.274,"x":-918.022}', '{"y":-382.023,"z":37.961,"x":-943.626}', '[]', NULL, 1, 1, 0, '{"x":-927.554,"y":-377.744,"z":112.674}', 1700000),
	(4, 'NorthConkerAvenue2044', '2044 North Conker Avenue', '{"y":440.8,"z":146.702,"x":346.964}', '{"y":437.456,"z":148.394,"x":341.683}', '{"y":435.626,"z":148.394,"x":339.595}', '{"x":350.535,"y":443.329,"z":145.764}', '[]', NULL, 1, 1, 0, '{"x":337.726,"y":436.985,"z":140.77}', 1500000),
	(5, 'WildOatsDrive', '3655 Wild Oats Drive', '{"y":502.696,"z":136.421,"x":-176.003}', '{"y":497.817,"z":136.653,"x":-174.349}', '{"y":495.069,"z":136.666,"x":-173.331}', '{"y":506.412,"z":135.0664,"x":-177.927}', '[]', NULL, 1, 1, 0, '{"x":-174.725,"y":493.095,"z":129.043}', 1500000),
	(6, 'HillcrestAvenue2862', '2862 Hillcrest Avenue', '{"y":596.58,"z":142.641,"x":-686.554}', '{"y":591.988,"z":144.392,"x":-681.728}', '{"y":590.608,"z":144.392,"x":-680.124}', '{"y":599.019,"z":142.059,"x":-689.492}', '[]', NULL, 1, 1, 0, '{"x":-680.46,"y":588.6,"z":136.769}', 1500000),
	(7, 'LowEndApartment', 'Basic apartment', '{"y":-1078.735,"z":28.4031,"x":292.528}', '{"y":-1007.152,"z":-102.002,"x":265.845}', '{"y":-1002.802,"z":-100.008,"x":265.307}', '{"y":-1078.669,"z":28.401,"x":296.738}', '[]', NULL, 1, 1, 0, '{"x":265.916,"y":-999.38,"z":-100.008}', 562500),
	(8, 'MadWayneThunder', '2113 Mad Wayne Thunder', '{"y":454.955,"z":96.462,"x":-1294.433}', '{"x":-1289.917,"y":449.541,"z":96.902}', '{"y":446.322,"z":96.899,"x":-1289.642}', '{"y":455.453,"z":96.517,"x":-1298.851}', '[]', NULL, 1, 1, 0, '{"x":-1287.306,"y":455.901,"z":89.294}', 1500000),
	(9, 'HillcrestAvenue2874', '2874 Hillcrest Avenue', '{"x":-853.346,"y":696.678,"z":147.782}', '{"y":690.875,"z":151.86,"x":-859.961}', '{"y":688.361,"z":151.857,"x":-859.395}', '{"y":701.628,"z":147.773,"x":-855.007}', '[]', NULL, 1, 1, 0, '{"x":-858.543,"y":697.514,"z":144.253}', 1500000),
	(10, 'HillcrestAvenue2868', '2868 Hillcrest Avenue', '{"y":620.494,"z":141.588,"x":-752.82}', '{"y":618.62,"z":143.153,"x":-759.317}', '{"y":617.629,"z":143.153,"x":-760.789}', '{"y":621.281,"z":141.254,"x":-750.919}', '[]', NULL, 1, 1, 0, '{"x":-762.504,"y":618.992,"z":135.53}', 1500000),
	(11, 'TinselTowersApt12', 'Tinsel Towers, Apt 42', '{"y":37.025,"z":42.58,"x":-618.299}', '{"y":58.898,"z":97.2,"x":-603.301}', '{"y":58.941,"z":97.2,"x":-608.741}', '{"y":30.603,"z":42.524,"x":-620.017}', '[]', NULL, 1, 1, 0, '{"x":-622.173,"y":54.585,"z":96.599}', 1700000),
	(12, 'MiltonDrive', 'Milton Drive', '{"x":-775.17,"y":312.01,"z":84.658}', NULL, NULL, '{"x":-775.346,"y":306.776,"z":84.7}', '[]', NULL, 0, 0, 1, NULL, 0),
	(13, 'Modern1Apartment', 'Modern Apartment 1', NULL, '{"x":-784.194,"y":323.636,"z":210.997}', '{"x":-779.751,"y":323.385,"z":210.997}', NULL, '["apa_v_mp_h_01_a"]', 'MiltonDrive', 0, 1, 0, '{"x":-766.661,"y":327.672,"z":210.396}', 1300000),
	(14, 'Modern2Apartment', 'Modern Apartment 2', NULL, '{"x":-786.8663,"y":315.764,"z":186.913}', '{"x":-781.808,"y":315.866,"z":186.913}', NULL, '["apa_v_mp_h_01_c"]', 'MiltonDrive', 0, 1, 0, '{"x":-795.735,"y":326.757,"z":186.313}', 1300000),
	(15, 'Modern3Apartment', 'Modern Apartment 3', NULL, '{"x":-774.012,"y":342.042,"z":195.686}', '{"x":-779.057,"y":342.063,"z":195.686}', NULL, '["apa_v_mp_h_01_b"]', 'MiltonDrive', 0, 1, 0, '{"x":-765.386,"y":330.782,"z":195.08}', 1300000),
	(16, 'Mody1Apartment', 'Mody Apartment 1', NULL, '{"x":-784.194,"y":323.636,"z":210.997}', '{"x":-779.751,"y":323.385,"z":210.997}', NULL, '["apa_v_mp_h_02_a"]', 'MiltonDrive', 0, 1, 0, '{"x":-766.615,"y":327.878,"z":210.396}', 1300000),
	(17, 'Mody2Apartment', 'Mody Apartment 2', NULL, '{"x":-786.8663,"y":315.764,"z":186.913}', '{"x":-781.808,"y":315.866,"z":186.913}', NULL, '["apa_v_mp_h_02_c"]', 'MiltonDrive', 0, 1, 0, '{"x":-795.297,"y":327.092,"z":186.313}', 1300000),
	(18, 'Mody3Apartment', 'Mody Apartment 3', NULL, '{"x":-774.012,"y":342.042,"z":195.686}', '{"x":-779.057,"y":342.063,"z":195.686}', NULL, '["apa_v_mp_h_02_b"]', 'MiltonDrive', 0, 1, 0, '{"x":-765.303,"y":330.932,"z":195.085}', 1300000),
	(19, 'Vibrant1Apartment', 'Vibrant Apartment 1', NULL, '{"x":-784.194,"y":323.636,"z":210.997}', '{"x":-779.751,"y":323.385,"z":210.997}', NULL, '["apa_v_mp_h_03_a"]', 'MiltonDrive', 0, 1, 0, '{"x":-765.885,"y":327.641,"z":210.396}', 1300000),
	(20, 'Vibrant2Apartment', 'Vibrant Apartment 2', NULL, '{"x":-786.8663,"y":315.764,"z":186.913}', '{"x":-781.808,"y":315.866,"z":186.913}', NULL, '["apa_v_mp_h_03_c"]', 'MiltonDrive', 0, 1, 0, '{"x":-795.607,"y":327.344,"z":186.313}', 1300000),
	(21, 'Vibrant3Apartment', 'Vibrant Apartment 3', NULL, '{"x":-774.012,"y":342.042,"z":195.686}', '{"x":-779.057,"y":342.063,"z":195.686}', NULL, '["apa_v_mp_h_03_b"]', 'MiltonDrive', 0, 1, 0, '{"x":-765.525,"y":330.851,"z":195.085}', 1300000),
	(22, 'Sharp1Apartment', 'Sharp Apartment 1', NULL, '{"x":-784.194,"y":323.636,"z":210.997}', '{"x":-779.751,"y":323.385,"z":210.997}', NULL, '["apa_v_mp_h_04_a"]', 'MiltonDrive', 0, 1, 0, '{"x":-766.527,"y":327.89,"z":210.396}', 1300000),
	(23, 'Sharp2Apartment', 'Sharp Apartment 2', NULL, '{"x":-786.8663,"y":315.764,"z":186.913}', '{"x":-781.808,"y":315.866,"z":186.913}', NULL, '["apa_v_mp_h_04_c"]', 'MiltonDrive', 0, 1, 0, '{"x":-795.642,"y":326.497,"z":186.313}', 1300000),
	(24, 'Sharp3Apartment', 'Sharp Apartment 3', NULL, '{"x":-774.012,"y":342.042,"z":195.686}', '{"x":-779.057,"y":342.063,"z":195.686}', NULL, '["apa_v_mp_h_04_b"]', 'MiltonDrive', 0, 1, 0, '{"x":-765.503,"y":331.318,"z":195.085}', 1300000),
	(25, 'Monochrome1Apartment', 'Monochrome Apartment 1', NULL, '{"x":-784.194,"y":323.636,"z":210.997}', '{"x":-779.751,"y":323.385,"z":210.997}', NULL, '["apa_v_mp_h_05_a"]', 'MiltonDrive', 0, 1, 0, '{"x":-766.289,"y":328.086,"z":210.396}', 1300000),
	(26, 'Monochrome2Apartment', 'Monochrome Apartment 2', NULL, '{"x":-786.8663,"y":315.764,"z":186.913}', '{"x":-781.808,"y":315.866,"z":186.913}', NULL, '["apa_v_mp_h_05_c"]', 'MiltonDrive', 0, 1, 0, '{"x":-795.692,"y":326.762,"z":186.313}', 1300000),
	(27, 'Monochrome3Apartment', 'Monochrome Apartment 3', NULL, '{"x":-774.012,"y":342.042,"z":195.686}', '{"x":-779.057,"y":342.063,"z":195.686}', NULL, '["apa_v_mp_h_05_b"]', 'MiltonDrive', 0, 1, 0, '{"x":-765.094,"y":330.976,"z":195.085}', 1300000),
	(28, 'Seductive1Apartment', 'Seductive Apartment 1', NULL, '{"x":-784.194,"y":323.636,"z":210.997}', '{"x":-779.751,"y":323.385,"z":210.997}', NULL, '["apa_v_mp_h_06_a"]', 'MiltonDrive', 0, 1, 0, '{"x":-766.263,"y":328.104,"z":210.396}', 1300000),
	(29, 'Seductive2Apartment', 'Seductive Apartment 2', NULL, '{"x":-786.8663,"y":315.764,"z":186.913}', '{"x":-781.808,"y":315.866,"z":186.913}', NULL, '["apa_v_mp_h_06_c"]', 'MiltonDrive', 0, 1, 0, '{"x":-795.655,"y":326.611,"z":186.313}', 1300000),
	(30, 'Seductive3Apartment', 'Seductive Apartment 3', NULL, '{"x":-774.012,"y":342.042,"z":195.686}', '{"x":-779.057,"y":342.063,"z":195.686}', NULL, '["apa_v_mp_h_06_b"]', 'MiltonDrive', 0, 1, 0, '{"x":-765.3,"y":331.414,"z":195.085}', 1300000),
	(31, 'Regal1Apartment', 'Regal Apartment 1', NULL, '{"x":-784.194,"y":323.636,"z":210.997}', '{"x":-779.751,"y":323.385,"z":210.997}', NULL, '["apa_v_mp_h_07_a"]', 'MiltonDrive', 0, 1, 0, '{"x":-765.956,"y":328.257,"z":210.396}', 1300000),
	(32, 'Regal2Apartment', 'Regal Apartment 2', NULL, '{"x":-786.8663,"y":315.764,"z":186.913}', '{"x":-781.808,"y":315.866,"z":186.913}', NULL, '["apa_v_mp_h_07_c"]', 'MiltonDrive', 0, 1, 0, '{"x":-795.545,"y":326.659,"z":186.313}', 1300000),
	(33, 'Regal3Apartment', 'Regal Apartment 3', NULL, '{"x":-774.012,"y":342.042,"z":195.686}', '{"x":-779.057,"y":342.063,"z":195.686}', NULL, '["apa_v_mp_h_07_b"]', 'MiltonDrive', 0, 1, 0, '{"x":-765.087,"y":331.429,"z":195.123}', 1300000),
	(34, 'Aqua1Apartment', 'Aqua Apartment 1', NULL, '{"x":-784.194,"y":323.636,"z":210.997}', '{"x":-779.751,"y":323.385,"z":210.997}', NULL, '["apa_v_mp_h_08_a"]', 'MiltonDrive', 0, 1, 0, '{"x":-766.187,"y":328.47,"z":210.396}', 1300000),
	(35, 'Aqua2Apartment', 'Aqua Apartment 2', NULL, '{"x":-786.8663,"y":315.764,"z":186.913}', '{"x":-781.808,"y":315.866,"z":186.913}', NULL, '["apa_v_mp_h_08_c"]', 'MiltonDrive', 0, 1, 0, '{"x":-795.658,"y":326.563,"z":186.313}', 1300000),
	(36, 'Aqua3Apartment', 'Aqua Apartment 3', NULL, '{"x":-774.012,"y":342.042,"z":195.686}', '{"x":-779.057,"y":342.063,"z":195.686}', NULL, '["apa_v_mp_h_08_b"]', 'MiltonDrive', 0, 1, 0, '{"x":-765.287,"y":331.084,"z":195.086}', 1300000),
	(37, 'IntegrityWay', '4 Integrity Way', '{"x":-47.804,"y":-585.867,"z":36.956}', NULL, NULL, '{"x":-54.178,"y":-583.762,"z":35.798}', '[]', NULL, 0, 0, 1, NULL, 0),
	(38, 'IntegrityWay28', '4 Integrity Way - Apt 28', NULL, '{"x":-31.409,"y":-594.927,"z":79.03}', '{"x":-26.098,"y":-596.909,"z":79.03}', NULL, '[]', 'IntegrityWay', 0, 1, 0, '{"x":-11.923,"y":-597.083,"z":78.43}', 1700000),
	(39, 'IntegrityWay30', '4 Integrity Way - Apt 30', NULL, '{"x":-17.702,"y":-588.524,"z":89.114}', '{"x":-16.21,"y":-582.569,"z":89.114}', NULL, '[]', 'IntegrityWay', 0, 1, 0, '{"x":-26.327,"y":-588.384,"z":89.123}', 1700000),
	(40, 'DellPerroHeights', 'Dell Perro Heights', '{"x":-1447.06,"y":-538.28,"z":33.74}', NULL, NULL, '{"x":-1440.022,"y":-548.696,"z":33.74}', '[]', NULL, 0, 0, 1, NULL, 0),
	(41, 'DellPerroHeightst4', 'Dell Perro Heights - Apt 28', NULL, '{"x":-1452.125,"y":-540.591,"z":73.044}', '{"x":-1455.435,"y":-535.79,"z":73.044}', NULL, '[]', 'DellPerroHeights', 0, 1, 0, '{"x":-1467.058,"y":-527.571,"z":72.443}', 1700000),
	(42, 'DellPerroHeightst7', 'Dell Perro Heights - Apt 30', NULL, '{"x":-1451.562,"y":-523.535,"z":55.928}', '{"x":-1456.02,"y":-519.209,"z":55.929}', NULL, '[]', 'DellPerroHeights', 0, 1, 0, '{"x":-1457.026,"y":-530.219,"z":55.937}', 1700000),
	(43, 'MazeBankBuilding', 'Maze Bank Building', '{"x":-79.18,"y":-795.92,"z":43.35}', NULL, NULL, '{"x":-72.50,"y":-786.92,"z":43.40}', '[]', NULL, 0, 0, 1, NULL, 0),
	(44, 'OldSpiceWarm', 'Old Spice Warm', NULL, '{"x":-75.69,"y":-827.08,"z":242.43}', '{"x":-75.51,"y":-823.90,"z":242.43}', NULL, '["ex_dt1_11_office_01a"]', 'MazeBankBuilding', 0, 1, 0, '{"x":-71.81,"y":-814.34,"z":242.39}', 5000000),
	(45, 'OldSpiceClassical', 'Old Spice Classical', NULL, '{"x":-75.69,"y":-827.08,"z":242.43}', '{"x":-75.51,"y":-823.90,"z":242.43}', NULL, '["ex_dt1_11_office_01b"]', 'MazeBankBuilding', 0, 1, 0, '{"x":-71.81,"y":-814.34,"z":242.39}', 5000000),
	(46, 'OldSpiceVintage', 'Old Spice Vintage', NULL, '{"x":-75.69,"y":-827.08,"z":242.43}', '{"x":-75.51,"y":-823.90,"z":242.43}', NULL, '["ex_dt1_11_office_01c"]', 'MazeBankBuilding', 0, 1, 0, '{"x":-71.81,"y":-814.34,"z":242.39}', 5000000),
	(47, 'ExecutiveRich', 'Executive Rich', NULL, '{"x":-75.69,"y":-827.08,"z":242.43}', '{"x":-75.51,"y":-823.90,"z":242.43}', NULL, '["ex_dt1_11_office_02b"]', 'MazeBankBuilding', 0, 1, 0, '{"x":-71.81,"y":-814.34,"z":242.39}', 5000000),
	(48, 'ExecutiveCool', 'Executive Cool', NULL, '{"x":-75.69,"y":-827.08,"z":242.43}', '{"x":-75.51,"y":-823.90,"z":242.43}', NULL, '["ex_dt1_11_office_02c"]', 'MazeBankBuilding', 0, 1, 0, '{"x":-71.81,"y":-814.34,"z":242.39}', 5000000),
	(49, 'ExecutiveContrast', 'Executive Contrast', NULL, '{"x":-75.69,"y":-827.08,"z":242.43}', '{"x":-75.51,"y":-823.90,"z":242.43}', NULL, '["ex_dt1_11_office_02a"]', 'MazeBankBuilding', 0, 1, 0, '{"x":-71.81,"y":-814.34,"z":242.39}', 5000000),
	(50, 'PowerBrokerIce', 'Power Broker Ice', NULL, '{"x":-75.69,"y":-827.08,"z":242.43}', '{"x":-75.51,"y":-823.90,"z":242.43}', NULL, '["ex_dt1_11_office_03a"]', 'MazeBankBuilding', 0, 1, 0, '{"x":-71.81,"y":-814.34,"z":242.39}', 5000000),
	(51, 'PowerBrokerConservative', 'Power Broker Conservative', NULL, '{"x":-75.69,"y":-827.08,"z":242.43}', '{"x":-75.51,"y":-823.90,"z":242.43}', NULL, '["ex_dt1_11_office_03b"]', 'MazeBankBuilding', 0, 1, 0, '{"x":-71.81,"y":-814.34,"z":242.39}', 5000000),
	(52, 'PowerBrokerPolished', 'Power Broker Polished', NULL, '{"x":-75.69,"y":-827.08,"z":242.43}', '{"x":-75.51,"y":-823.90,"z":242.43}', NULL, '["ex_dt1_11_office_03c"]', 'MazeBankBuilding', 0, 1, 0, '{"x":-71.81,"y":-814.34,"z":242.39}', 5000000),
	(53, 'LomBank', 'Lom Bank', '{"x":-1581.36,"y":-558.23,"z":34.07}', NULL, NULL, '{"x":-1583.60,"y":-555.12,"z":34.07}', '[]', NULL, 0, 0, 1, NULL, 0),
	(54, 'LBOldSpiceWarm', 'LB Old Spice Warm', NULL, '{"x":-1579.53,"y":-564.89,"z":107.62}', '{"x":-1576.42,"y":-567.57,"z":107.62}', NULL, '["ex_sm_13_office_01a"]', 'LomBank', 0, 1, 0, '{"x":-1571.26,"y":-575.76,"z":107.52}', 3500000),
	(55, 'LBOldSpiceClassical', 'LB Old Spice Classical', NULL, '{"x":-1579.53,"y":-564.89,"z":107.62}', '{"x":-1576.42,"y":-567.57,"z":107.62}', NULL, '["ex_sm_13_office_01b"]', 'LomBank', 0, 1, 0, '{"x":-1571.26,"y":-575.76,"z":107.52}', 3500000),
	(56, 'LBOldSpiceVintage', 'LB Old Spice Vintage', NULL, '{"x":-1579.53,"y":-564.89,"z":107.62}', '{"x":-1576.42,"y":-567.57,"z":107.62}', NULL, '["ex_sm_13_office_01c"]', 'LomBank', 0, 1, 0, '{"x":-1571.26,"y":-575.76,"z":107.52}', 3500000),
	(57, 'LBExecutiveRich', 'LB Executive Rich', NULL, '{"x":-1579.53,"y":-564.89,"z":107.62}', '{"x":-1576.42,"y":-567.57,"z":107.62}', NULL, '["ex_sm_13_office_02b"]', 'LomBank', 0, 1, 0, '{"x":-1571.26,"y":-575.76,"z":107.52}', 3500000),
	(58, 'LBExecutiveCool', 'LB Executive Cool', NULL, '{"x":-1579.53,"y":-564.89,"z":107.62}', '{"x":-1576.42,"y":-567.57,"z":107.62}', NULL, '["ex_sm_13_office_02c"]', 'LomBank', 0, 1, 0, '{"x":-1571.26,"y":-575.76,"z":107.52}', 3500000),
	(59, 'LBExecutiveContrast', 'LB Executive Contrast', NULL, '{"x":-1579.53,"y":-564.89,"z":107.62}', '{"x":-1576.42,"y":-567.57,"z":107.62}', NULL, '["ex_sm_13_office_02a"]', 'LomBank', 0, 1, 0, '{"x":-1571.26,"y":-575.76,"z":107.52}', 3500000),
	(60, 'LBPowerBrokerIce', 'LB Power Broker Ice', NULL, '{"x":-1579.53,"y":-564.89,"z":107.62}', '{"x":-1576.42,"y":-567.57,"z":107.62}', NULL, '["ex_sm_13_office_03a"]', 'LomBank', 0, 1, 0, '{"x":-1571.26,"y":-575.76,"z":107.52}', 3500000),
	(61, 'LBPowerBrokerConservative', 'LB Power Broker Conservative', NULL, '{"x":-1579.53,"y":-564.89,"z":107.62}', '{"x":-1576.42,"y":-567.57,"z":107.62}', NULL, '["ex_sm_13_office_03b"]', 'LomBank', 0, 1, 0, '{"x":-1571.26,"y":-575.76,"z":107.52}', 3500000),
	(62, 'LBPowerBrokerPolished', 'LB Power Broker Polished', NULL, '{"x":-1579.53,"y":-564.89,"z":107.62}', '{"x":-1576.42,"y":-567.57,"z":107.62}', NULL, '["ex_sm_13_office_03c"]', 'LomBank', 0, 1, 0, '{"x":-1571.26,"y":-575.76,"z":107.52}', 3500000),
	(63, 'MazeBankWest', 'Maze Bank West', '{"x":-1379.58,"y":-499.63,"z":32.22}', NULL, NULL, '{"x":-1378.95,"y":-502.82,"z":32.22}', '[]', NULL, 0, 0, 1, NULL, 0),
	(64, 'MBWOldSpiceWarm', 'MBW Old Spice Warm', NULL, '{"x":-1392.74,"y":-480.18,"z":71.14}', '{"x":-1389.43,"y":-479.01,"z":71.14}', NULL, '["ex_sm_15_office_01a"]', 'MazeBankWest', 0, 1, 0, '{"x":-1390.76,"y":-479.22,"z":72.04}', 2700000),
	(65, 'MBWOldSpiceClassical', 'MBW Old Spice Classical', NULL, '{"x":-1392.74,"y":-480.18,"z":71.14}', '{"x":-1389.43,"y":-479.01,"z":71.14}', NULL, '["ex_sm_15_office_01b"]', 'MazeBankWest', 0, 1, 0, '{"x":-1390.76,"y":-479.22,"z":72.04}', 2700000),
	(66, 'MBWOldSpiceVintage', 'MBW Old Spice Vintage', NULL, '{"x":-1392.74,"y":-480.18,"z":71.14}', '{"x":-1389.43,"y":-479.01,"z":71.14}', NULL, '["ex_sm_15_office_01c"]', 'MazeBankWest', 0, 1, 0, '{"x":-1390.76,"y":-479.22,"z":72.04}', 2700000),
	(67, 'MBWExecutiveRich', 'MBW Executive Rich', NULL, '{"x":-1392.74,"y":-480.18,"z":71.14}', '{"x":-1389.43,"y":-479.01,"z":71.14}', NULL, '["ex_sm_15_office_02b"]', 'MazeBankWest', 0, 1, 0, '{"x":-1390.76,"y":-479.22,"z":72.04}', 2700000),
	(68, 'MBWExecutiveCool', 'MBW Executive Cool', NULL, '{"x":-1392.74,"y":-480.18,"z":71.14}', '{"x":-1389.43,"y":-479.01,"z":71.14}', NULL, '["ex_sm_15_office_02c"]', 'MazeBankWest', 0, 1, 0, '{"x":-1390.76,"y":-479.22,"z":72.04}', 2700000),
	(69, 'MBWExecutive Contrast', 'MBW Executive Contrast', NULL, '{"x":-1392.74,"y":-480.18,"z":71.14}', '{"x":-1389.43,"y":-479.01,"z":71.14}', NULL, '["ex_sm_15_office_02a"]', 'MazeBankWest', 0, 1, 0, '{"x":-1390.76,"y":-479.22,"z":72.04}', 2700000),
	(70, 'MBWPowerBrokerIce', 'MBW Power Broker Ice', NULL, '{"x":-1392.74,"y":-480.18,"z":71.14}', '{"x":-1389.43,"y":-479.01,"z":71.14}', NULL, '["ex_sm_15_office_03a"]', 'MazeBankWest', 0, 1, 0, '{"x":-1390.76,"y":-479.22,"z":72.04}', 2700000),
	(71, 'MBWPowerBrokerConvservative', 'MBW Power Broker Convservative', NULL, '{"x":-1392.74,"y":-480.18,"z":71.14}', '{"x":-1389.43,"y":-479.01,"z":71.14}', NULL, '["ex_sm_15_office_03b"]', 'MazeBankWest', 0, 1, 0, '{"x":-1390.76,"y":-479.22,"z":72.04}', 2700000),
	(72, 'MBWPowerBrokerPolished', 'MBW Power Broker Polished', NULL, '{"x":-1392.74,"y":-480.18,"z":71.14}', '{"x":-1389.43,"y":-479.01,"z":71.14}', NULL, '["ex_sm_15_office_03c"]', 'MazeBankWest', 0, 1, 0, '{"x":-1390.76,"y":-479.22,"z":72.04}', 2700000);
/*!40000 ALTER TABLE `properties` ENABLE KEYS */;

-- Dumping structure for table essentialmode.rented_vehicles
CREATE TABLE IF NOT EXISTS `rented_vehicles` (
  `vehicle` varchar(60) NOT NULL,
  `plate` varchar(12) NOT NULL,
  `player_name` varchar(255) NOT NULL,
  `base_price` int(11) NOT NULL,
  `rent_price` int(11) NOT NULL,
  `owner` varchar(30) NOT NULL,
  PRIMARY KEY (`plate`)
) ENGINE=InnoDB DEFAULT CHARSET=latin1;

-- Dumping data for table essentialmode.rented_vehicles: ~0 rows (approximately)
/*!40000 ALTER TABLE `rented_vehicles` DISABLE KEYS */;
/*!40000 ALTER TABLE `rented_vehicles` ENABLE KEYS */;

-- Dumping structure for table essentialmode.shops
CREATE TABLE IF NOT EXISTS `shops` (
  `id` int(11) NOT NULL AUTO_INCREMENT,
  `store` varchar(100) NOT NULL,
  `item` varchar(100) NOT NULL,
  `price` int(11) NOT NULL,
  PRIMARY KEY (`id`)
) ENGINE=InnoDB AUTO_INCREMENT=9 DEFAULT CHARSET=latin1;

-- Dumping data for table essentialmode.shops: ~8 rows (approximately)
/*!40000 ALTER TABLE `shops` DISABLE KEYS */;
INSERT INTO `shops` (`id`, `store`, `item`, `price`) VALUES
	(1, 'TwentyFourSeven', 'bread', 30),
	(2, 'TwentyFourSeven', 'water', 15),
	(3, 'RobsLiquor', 'bread', 30),
	(4, 'RobsLiquor', 'water', 15),
	(5, 'LTDgasoline', 'bread', 30),
	(6, 'LTDgasoline', 'water', 15),
	(7, 'TwentyFourSeven', 'pepsi', 20),
	(8, 'RobsLiquor', 'vodka', 50);
/*!40000 ALTER TABLE `shops` ENABLE KEYS */;

-- Dumping structure for table essentialmode.society_moneywash
CREATE TABLE IF NOT EXISTS `society_moneywash` (
  `id` int(11) NOT NULL AUTO_INCREMENT,
  `identifier` varchar(60) NOT NULL,
  `society` varchar(60) NOT NULL,
  `amount` int(11) NOT NULL,
  PRIMARY KEY (`id`)
) ENGINE=InnoDB DEFAULT CHARSET=latin1;

-- Dumping data for table essentialmode.society_moneywash: ~0 rows (approximately)
/*!40000 ALTER TABLE `society_moneywash` DISABLE KEYS */;
/*!40000 ALTER TABLE `society_moneywash` ENABLE KEYS */;

-- Dumping structure for table essentialmode.users
CREATE TABLE IF NOT EXISTS `users` (
  `identifier` varchar(50) COLLATE utf8mb4_bin DEFAULT NULL,
  `license` varchar(50) COLLATE utf8mb4_bin DEFAULT NULL,
  `money` int(11) DEFAULT NULL,
  `name` varchar(255) COLLATE utf8mb4_bin DEFAULT '',
  `skin` longtext COLLATE utf8mb4_bin DEFAULT NULL,
  `job` varchar(255) COLLATE utf8mb4_bin DEFAULT 'unemployed',
  `job_grade` int(11) DEFAULT 0,
  `loadout` longtext COLLATE utf8mb4_bin DEFAULT NULL,
  `position` varchar(255) COLLATE utf8mb4_bin DEFAULT NULL,
  `bank` int(11) DEFAULT NULL,
  `permission_level` int(11) DEFAULT NULL,
  `group` varchar(50) COLLATE utf8mb4_bin DEFAULT NULL,
  `isDead` bit(1) DEFAULT b'0',
  `last_property` varchar(255) COLLATE utf8mb4_bin DEFAULT NULL,
  `status` longtext COLLATE utf8mb4_bin DEFAULT NULL,
  `firstname` varchar(50) COLLATE utf8mb4_bin DEFAULT '',
  `lastname` varchar(50) COLLATE utf8mb4_bin DEFAULT '',
  `dateofbirth` varchar(25) COLLATE utf8mb4_bin DEFAULT '',
  `sex` varchar(10) COLLATE utf8mb4_bin DEFAULT '',
  `height` varchar(5) COLLATE utf8mb4_bin DEFAULT '',
  `phone_number` int(11) DEFAULT NULL
) ENGINE=InnoDB DEFAULT CHARSET=utf8mb4 COLLATE=utf8mb4_bin;

-- Dumping data for table essentialmode.users: ~18 rows (approximately)
/*!40000 ALTER TABLE `users` DISABLE KEYS */;
INSERT INTO `users` (`identifier`, `license`, `money`, `name`, `skin`, `job`, `job_grade`, `loadout`, `position`, `bank`, `permission_level`, `group`, `isDead`, `last_property`, `status`, `firstname`, `lastname`, `dateofbirth`, `sex`, `height`, `phone_number`) VALUES
	('steam:110000107da364f', 'license:968eac90117285e0673f7086a28558ab92560f46', 4261, 'Kingsman', '{"hair_color_1":0,"age_1":0,"glasses_2":0,"mask_1":0,"hair_color_2":0,"beard_4":0,"ears_2":0,"eyebrows_2":0,"tshirt_1":3,"makeup_4":0,"beard_2":0,"pants_1":1,"face":0,"shoes_1":1,"makeup_1":0,"bproof_2":0,"bproof_1":0,"makeup_3":0,"sex":0,"lipstick_3":0,"lipstick_1":0,"hair_1":0,"beard_3":0,"chain_1":1,"bags_2":0,"chain_2":0,"beard_1":0,"mask_2":0,"glasses_1":4,"lipstick_4":0,"lipstick_2":0,"torso_2":0,"arms":2,"eyebrows_1":0,"skin":0,"shoes_2":0,"helmet_1":-1,"pants_2":0,"ears_1":-1,"torso_1":4,"decals_2":0,"helmet_2":0,"eyebrows_4":0,"tshirt_2":0,"bags_1":0,"hair_2":0,"age_2":0,"decals_1":0,"eyebrows_3":0,"makeup_2":0}', 'trucker', 0, '[{"name":"WEAPON_NIGHTSTICK","label":"Nightstick","ammo":0},{"name":"WEAPON_PISTOL","label":"Pistol","ammo":1000},{"name":"WEAPON_COMBATPISTOL","label":"Combat pistol","ammo":1000},{"name":"WEAPON_SMG","label":"Smg","ammo":570},{"name":"WEAPON_STUNGUN","label":"Tazer","ammo":1000},{"name":"WEAPON_GRENADE","label":"Grenade","ammo":25},{"name":"WEAPON_MARKSMANPISTOL","label":"Marksman pistol","ammo":1000},{"name":"GADGET_PARACHUTE","label":"Parachute","ammo":0}]', '{"z":31.319849014282,"y":6334.44140625,"x":-50.94743347168}', 9957933, 10, 'superadmin', b'0', NULL, '[{"percent":53.51,"val":535100,"name":"hunger"},{"percent":65.1325,"val":651325,"name":"thirst"}]', 'Ryan', 'Killinger', '12/25/1981', 'm', '162', 82784),
	('steam:1100001072fa86f', 'license:f4e28b80c2c2488c3d02140ce88685486d9bc094', 203, 'Sebastian', '{"hair_color_1":0,"lipstick_1":0,"glasses_2":0,"mask_2":0,"hair_color_2":0,"torso_1":0,"ears_2":0,"eyebrows_2":0,"tshirt_1":0,"arms":0,"beard_2":0,"pants_1":0,"makeup_4":0,"face":19,"makeup_1":0,"age_1":0,"age_2":0,"helmet_2":0,"sex":0,"lipstick_3":0,"beard_4":0,"hair_1":0,"beard_3":0,"chain_1":0,"bags_2":0,"chain_2":0,"beard_1":0,"torso_2":0,"bproof_2":0,"lipstick_2":0,"eyebrows_1":0,"lipstick_4":0,"shoes_1":0,"helmet_1":-1,"makeup_3":0,"shoes_2":0,"ears_1":-1,"pants_2":0,"glasses_1":0,"skin":0,"decals_2":0,"tshirt_2":0,"eyebrows_4":0,"mask_1":0,"decals_1":0,"hair_2":0,"bproof_1":0,"makeup_2":0,"eyebrows_3":0,"bags_1":0}', 'police', 1, '[{"name":"WEAPON_NIGHTSTICK","label":"Nightstick","ammo":0},{"name":"WEAPON_COMBATPISTOL","label":"Combat pistol","ammo":1000},{"name":"WEAPON_PUMPSHOTGUN","label":"Pump shotgun","ammo":1000},{"name":"WEAPON_STUNGUN","label":"Tazer","ammo":1000},{"name":"WEAPON_MUSKET","label":"Musket","ammo":1000},{"name":"WEAPON_MARKSMANPISTOL","label":"Marksman pistol","ammo":1000},{"name":"WEAPON_FLASHLIGHT","label":"Flashlight","ammo":0},{"name":"GADGET_PARACHUTE","label":"Parachute","ammo":0}]', '{"y":6516.990234375,"x":1410.5021972656,"z":19.020025253296}', 531990, 0, 'user', b'0', NULL, '[{"name":"hunger","percent":45.32,"val":453200},{"name":"thirst","percent":58.99,"val":589900}]', 'Aaron', 'Smith', '1991-08-07', 'm', '150', 77192),
	('steam:110000115292d86', 'license:903e2d92dd0fa7df98622c27b6b2f18a3e24bef1', 3352, 'VladTHEinhailor', '{"ears_1":-1,"bproof_2":4,"face":13,"lipstick_2":0,"bags_1":0,"tshirt_1":3,"bproof_1":7,"glasses_2":1,"bags_2":0,"lipstick_1":0,"pants_1":10,"hair_2":0,"eyebrows_3":0,"arms":17,"eyebrows_4":32,"lipstick_3":0,"mask_2":0,"decals_1":0,"helmet_2":0,"lipstick_4":0,"beard_3":0,"hair_color_1":3,"makeup_2":0,"pants_2":0,"age_2":10,"tshirt_2":2,"shoes_2":12,"helmet_1":-1,"ears_2":0,"glasses_1":5,"makeup_4":0,"beard_4":14,"torso_2":2,"eyebrows_1":20,"skin":43,"mask_1":0,"hair_color_2":8,"eyebrows_2":10,"beard_1":9,"chain_2":0,"torso_1":70,"age_1":6,"makeup_1":0,"shoes_1":11,"beard_2":10,"decals_2":0,"sex":0,"hair_1":66,"chain_1":0,"makeup_3":0}', 'cardealer', 3, '[{"label":"Nightstick","ammo":0,"name":"WEAPON_NIGHTSTICK"},{"label":"Bat","ammo":0,"name":"WEAPON_BAT"},{"label":"Pistol","ammo":42,"name":"WEAPON_PISTOL"},{"label":"Micro smg","ammo":42,"name":"WEAPON_MICROSMG"},{"label":"Assault rifle","ammo":84,"name":"WEAPON_ASSAULTRIFLE"},{"label":"Pump shotgun","ammo":52,"name":"WEAPON_PUMPSHOTGUN"},{"label":"Tazer","ammo":42,"name":"WEAPON_STUNGUN"},{"label":"Sniper rifle","ammo":42,"name":"WEAPON_SNIPERRIFLE"},{"label":"Grenade","ammo":25,"name":"WEAPON_GRENADE"},{"label":"Smoke grenade","ammo":25,"name":"WEAPON_SMOKEGRENADE"},{"label":"Bz gas","ammo":25,"name":"WEAPON_BZGAS"},{"label":"Fire extinguisher","ammo":42,"name":"WEAPON_FIREEXTINGUISHER"},{"label":"Ball","ammo":1,"name":"WEAPON_BALL"},{"label":"Special carbine","ammo":84,"name":"WEAPON_SPECIALCARBINE"},{"label":"Machete","ammo":0,"name":"WEAPON_MACHETE"},{"label":"Flashlight","ammo":0,"name":"WEAPON_FLASHLIGHT"}]', '{"x":1545.224609375,"y":3101.8376464844,"z":40.276016235352}', 2800000, 0, 'user', b'0', NULL, '[{"percent":92.41,"val":924100,"name":"hunger"},{"percent":94.345,"val":943450,"name":"thirst"}]', 'Vlad', 'Inhailer', '1878-12-18', 'm', '168', 56216),
	('steam:110000105c0d62c', 'license:13fceb227b424df569a98ce3fae8bcb7d6b195ab', 0, 'jas2014', '{"hair_color_1":2,"age_1":0,"glasses_2":0,"mask_2":0,"hair_color_2":2,"beard_4":0,"ears_2":0,"eyebrows_2":0,"tshirt_1":39,"arms":5,"beard_2":0,"pants_1":0,"tshirt_2":0,"face":8,"makeup_1":0,"shoes_1":0,"torso_2":11,"skin":7,"eyebrows_1":0,"helmet_1":-1,"lipstick_4":0,"ears_1":-1,"beard_3":0,"chain_1":0,"bags_2":0,"chain_2":0,"beard_1":0,"lipstick_1":0,"mask_1":0,"bproof_1":0,"makeup_4":0,"glasses_1":0,"torso_1":0,"sex":0,"makeup_3":0,"shoes_2":0,"bproof_2":0,"pants_2":0,"lipstick_3":0,"hair_1":4,"decals_2":3,"helmet_2":0,"eyebrows_4":0,"lipstick_2":0,"hair_2":4,"decals_1":8,"age_2":0,"eyebrows_3":0,"makeup_2":0,"bags_1":0}', 'unemployed', 0, '[]', '{"x":1373.2052001953,"y":3603.6140136719,"z":34.894241333008}', 600, 0, 'user', b'0', NULL, '[{"name":"hunger","val":892900,"percent":89.29},{"name":"thirst","val":919675,"percent":91.9675}]', 'Dig', 'Bicks', '12/10/1988', 'm', '200', NULL),
	('steam:110000103fcfc24', 'license:db2f799ad40313f6216ec4e97b4018d03ff7095a', 977, 'Lebens53', '{"torso_2":0,"eyebrows_4":0,"ears_1":0,"makeup_1":12,"bproof_1":0,"shoes_2":0,"bags_2":0,"eyebrows_3":11,"beard_3":0,"age_1":0,"mask_2":0,"hair_1":11,"mask_1":0,"helmet_2":0,"eyebrows_1":0,"lipstick_4":6,"hair_color_1":15,"skin":0,"makeup_2":10,"helmet_1":-1,"pants_2":0,"lipstick_3":22,"arms":0,"age_2":0,"lipstick_2":6,"tshirt_2":0,"makeup_4":0,"shoes_1":6,"makeup_3":0,"torso_1":139,"lipstick_1":3,"chain_1":6,"tshirt_1":26,"face":21,"hair_2":0,"ears_2":0,"chain_2":0,"sex":1,"decals_2":0,"glasses_2":3,"decals_1":0,"hair_color_2":0,"eyebrows_2":10,"beard_2":0,"bproof_2":0,"bags_1":0,"beard_4":0,"beard_1":0,"pants_1":27,"glasses_1":11}', 'police', 3, '[{"ammo":0,"name":"WEAPON_NIGHTSTICK","label":"Nightstick"},{"ammo":249,"name":"WEAPON_COMBATPISTOL","label":"Combat pistol"},{"ammo":250,"name":"WEAPON_ASSAULTSMG","label":"Assault smg"},{"ammo":249,"name":"WEAPON_PUMPSHOTGUN","label":"Pump shotgun"},{"ammo":250,"name":"WEAPON_STUNGUN","label":"Tazer"},{"ammo":20,"name":"WEAPON_FLAREGUN","label":"Flaregun"},{"ammo":0,"name":"WEAPON_FLASHLIGHT","label":"Flashlight"}]', '{"x":566.85327148438,"y":6557.2919921875,"z":27.439672470093}', 27634, 0, 'user', b'0', NULL, '[{"name":"hunger","percent":39.98,"val":399800},{"name":"thirst","percent":42.485,"val":424850}]', 'Amara', 'Wegner', '1995-27-01', 'f', '160', 37358),
	('steam:1100001328f4c87', 'license:2188250e2f447cdb7b21b245d045b6d584df05c9', 0, 'BIG_FITZ', '{"torso_2":0,"eyebrows_4":0,"ears_1":-1,"pants_1":0,"bproof_1":0,"shoes_2":0,"torso_1":0,"eyebrows_3":0,"beard_3":0,"age_1":0,"mask_2":0,"hair_1":0,"chain_1":0,"age_2":0,"eyebrows_1":0,"lipstick_4":0,"hair_color_1":0,"skin":0,"makeup_2":0,"helmet_1":-1,"pants_2":0,"lipstick_3":0,"arms":0,"chain_2":0,"lipstick_2":0,"tshirt_2":0,"beard_4":0,"shoes_1":0,"makeup_4":0,"makeup_1":0,"lipstick_1":0,"hair_2":0,"tshirt_1":0,"face":0,"beard_1":0,"ears_2":0,"bags_2":0,"sex":0,"eyebrows_2":0,"mask_1":0,"decals_1":0,"hair_color_2":0,"helmet_2":0,"beard_2":0,"bproof_2":0,"bags_1":0,"glasses_2":0,"decals_2":0,"makeup_3":0,"glasses_1":0}', 'unemployed', 0, '[]', '{"x":3061.2209472656,"y":2111.5102539063,"z":1.5409857034683}', 0, 0, 'user', b'0', NULL, '[{"name":"hunger","val":995100,"percent":99.51},{"name":"thirst","val":996325,"percent":99.6325}]', 'Corey', 'Fitz', '062189', 'm', '200', 22810),
	('steam:1100001060cc260', 'license:d3e358e1e58062bbf42035eeca8ff2a1773e859e', 381, 'R. Berezon', '{"torso_2":5,"eyebrows_4":2,"ears_1":-1,"makeup_1":0,"bproof_1":16,"shoes_2":0,"torso_1":1,"eyebrows_3":63,"beard_3":0,"age_1":0,"mask_2":0,"hair_1":2,"mask_1":0,"age_2":0,"eyebrows_1":20,"lipstick_3":0,"hair_color_1":9,"skin":5,"makeup_2":0,"helmet_1":39,"pants_2":0,"helmet_2":0,"arms":0,"bags_2":0,"lipstick_2":0,"tshirt_2":0,"pants_1":34,"shoes_1":24,"makeup_3":0,"decals_2":0,"lipstick_1":0,"makeup_4":0,"tshirt_1":130,"face":10,"beard_1":0,"ears_2":0,"chain_1":0,"sex":0,"lipstick_4":0,"chain_2":0,"decals_1":0,"hair_color_2":4,"beard_4":0,"beard_2":3,"bproof_2":2,"bags_1":0,"eyebrows_2":10,"hair_2":1,"glasses_2":0,"glasses_1":0}', 'police', 1, '[{"name":"WEAPON_NIGHTSTICK","ammo":0,"label":"Nightstick"},{"name":"WEAPON_PISTOL","ammo":620,"label":"Pistol"},{"name":"WEAPON_COMBATPISTOL","ammo":620,"label":"Combat pistol"},{"name":"WEAPON_PUMPSHOTGUN","ammo":601,"label":"Pump shotgun"},{"name":"WEAPON_ASSAULTSHOTGUN","ammo":601,"label":"Assault shotgun"},{"name":"WEAPON_STUNGUN","ammo":1000,"label":"Tazer"},{"name":"WEAPON_SPECIALCARBINE","ammo":734,"label":"Special carbine"}]', '{"y":6593.1435546875,"x":155.80279541016,"z":31.207496643066}', 20064594, 0, 'user', b'0', NULL, '[{"name":"hunger","percent":13.66,"val":136600},{"name":"thirst","percent":34.855,"val":348550}]', 'Ryan', 'Berezon', '19970606', 'm', '190', 51585),
	('steam:110000135918278', 'license:48b1d115d140ac214f278dcc588131d9fd6fc0a9', 0, 'rileyliakas123', '{"eyebrows_3":0,"lipstick_4":0,"hair_2":0,"tshirt_1":0,"beard_2":0,"mask_1":0,"eyebrows_1":0,"eyebrows_2":0,"helmet_1":-1,"mask_2":0,"pants_1":0,"torso_2":0,"skin":0,"makeup_3":0,"lipstick_2":0,"tshirt_2":0,"bags_1":0,"arms":0,"ears_2":0,"hair_color_1":0,"glasses_2":0,"beard_4":0,"beard_3":0,"helmet_2":0,"chain_1":0,"lipstick_1":0,"age_2":0,"bproof_2":0,"ears_1":-1,"hair_1":0,"makeup_2":0,"torso_1":0,"shoes_1":0,"makeup_1":0,"eyebrows_4":0,"bags_2":0,"sex":0,"decals_1":0,"makeup_4":0,"glasses_1":0,"beard_1":0,"hair_color_2":0,"decals_2":0,"age_1":0,"face":0,"shoes_2":0,"chain_2":0,"lipstick_3":0,"pants_2":0,"bproof_1":0}', 'unemployed', 0, '[]', '{"x":-1576.2279052734,"y":2103.8759765625,"z":67.567016601563}', 0, 0, 'user', b'0', NULL, '[{"val":979300,"percent":97.93,"name":"hunger"},{"val":984475,"percent":98.4475,"name":"thirst"}]', 'Sam', 'Liakas', '1983/07/07', 'm', '164', 11348),
	('steam:110000112eaa244', 'license:291f823d11b350ebc25deeb4aed037bfacb1686f', 0, 'Billy', NULL, 'unemployed', 0, '[]', '{"x":-1352.4312744141,"y":-1542.7481689453,"z":4.4220938682556}', 200, 0, 'user', b'0', NULL, '[{"name":"hunger","percent":99.41,"val":994100},{"name":"thirst","percent":99.5575,"val":995575}]', '', '', '', '', '', 53187),
	('steam:1100001027c79c1', 'license:b7f87f766a1120d4abf23ce9a30cf1e2ecbfd0e9', 0, 'Irak', NULL, 'unemployed', 0, '[]', '{"y":5604.5302734375,"z":797.90802001953,"x":501.64288330078}', 0, 0, 'user', b'0', NULL, '[{"percent":97.92,"name":"hunger","val":979200},{"percent":98.44,"name":"thirst","val":984400}]', '', '', '', '', '', 25669),
	('steam:1100001059093e2', 'license:3e2e9efba2c74aa3af3838eb2e359b59a3110ebb', 0, 'B.McDonald | 441', NULL, 'unemployed', 0, '[]', '{"x":2849.4069824219,"y":1467.9656982422,"z":24.555389404297}', 0, 0, 'user', b'0', NULL, '[{"name":"hunger","val":990200,"percent":99.02},{"name":"thirst","val":992650,"percent":99.265}]', 'John', 'Smith', '04/15/1986', 'm', '156', 50111),
	('steam:11000011700cf03', 'license:e7de5588e93d40d1336c2e22b58838460f6416ac', 4375, 'Nicholas', '{"beard_2":0,"ears_1":-1,"chain_2":0,"eyebrows_3":0,"torso_1":7,"beard_1":0,"makeup_3":0,"hair_2":0,"mask_1":0,"shoes_1":1,"sex":0,"arms":16,"glasses_1":2,"face":0,"mask_2":0,"bproof_1":0,"bags_1":0,"ears_2":0,"helmet_1":4,"glasses_2":0,"torso_2":2,"beard_4":0,"chain_1":0,"shoes_2":0,"hair_color_1":0,"pants_1":4,"eyebrows_2":0,"age_1":0,"lipstick_4":0,"decals_2":0,"tshirt_2":0,"lipstick_3":0,"decals_1":0,"helmet_2":0,"beard_3":0,"lipstick_2":0,"makeup_1":0,"eyebrows_1":0,"bproof_2":0,"hair_color_2":0,"makeup_4":0,"eyebrows_4":0,"hair_1":2,"makeup_2":0,"age_2":0,"pants_2":1,"tshirt_1":0,"skin":0,"lipstick_1":0,"bags_2":0}', 'ambulance', 3, '[{"ammo":72,"label":"Pistol","name":"WEAPON_PISTOL"}]', '{"y":-1362.5498046875,"z":24.537805557251,"x":270.10473632813}', 542, 0, 'user', b'0', NULL, '[{"percent":57.31,"name":"hunger","val":573100},{"percent":67.9825,"name":"thirst","val":679825}]', 'Jackson', 'Rodriguez', '1999-4-30', 'm', '200', 41525),
	('steam:110000117153993', 'license:96664e7927c69f646fa8ee66c7a621e9ebe99477', 0, 'EM-23/5D-101 Evans', '{"age_2":0,"bags_1":0,"chain_2":0,"bproof_1":0,"glasses_2":0,"sex":0,"decals_2":0,"arms":0,"pants_2":0,"beard_4":0,"eyebrows_3":0,"mask_1":0,"skin":0,"eyebrows_1":0,"age_1":0,"decals_1":0,"lipstick_4":0,"ears_2":0,"makeup_4":0,"lipstick_3":0,"shoes_2":0,"makeup_3":0,"hair_color_1":0,"torso_1":0,"bproof_2":0,"shoes_1":0,"lipstick_2":0,"bags_2":0,"makeup_2":0,"pants_1":0,"chain_1":0,"makeup_1":0,"glasses_1":0,"hair_2":0,"tshirt_2":0,"lipstick_1":0,"beard_3":0,"hair_color_2":0,"tshirt_1":0,"eyebrows_4":0,"eyebrows_2":0,"mask_2":0,"helmet_1":-1,"helmet_2":0,"torso_2":0,"hair_1":0,"beard_1":0,"beard_2":0,"face":0,"ears_1":-1}', 'unemployed', 0, '[]', '{"z":26.688196182251,"x":-117.19915008545,"y":-1063.111328125}', 200, 0, 'user', b'0', NULL, '[{"percent":49.25,"val":492500,"name":"hunger"},{"percent":49.4375,"val":494375,"name":"thirst"}]', 'TREY', 'Evans', '2001/2/2', 'm', '140', 90634),
	('steam:11000011c1e7fe7', 'license:0920583ee3d48a5fdaa2f1fb09c086879ad9424c', 0, 'Joe. H (LEO-115)', '{"eyebrows_1":0,"arms":0,"decals_1":0,"tshirt_2":0,"torso_1":0,"torso_2":0,"helmet_1":-1,"lipstick_3":0,"bags_1":0,"eyebrows_4":0,"pants_1":0,"helmet_2":0,"mask_1":0,"face":0,"beard_4":0,"hair_color_2":0,"lipstick_2":0,"age_1":0,"hair_color_1":0,"lipstick_1":0,"ears_2":0,"makeup_2":0,"glasses_1":0,"tshirt_1":0,"shoes_1":0,"chain_1":0,"mask_2":0,"age_2":0,"lipstick_4":0,"eyebrows_3":0,"makeup_3":0,"decals_2":0,"chain_2":0,"hair_2":0,"ears_1":-1,"glasses_2":0,"skin":0,"shoes_2":0,"beard_2":0,"makeup_1":0,"beard_1":0,"bproof_2":0,"bags_2":0,"makeup_4":0,"beard_3":0,"hair_1":0,"pants_2":0,"sex":0,"bproof_1":0,"eyebrows_2":0}', 'mecano', 0, '[{"ammo":12,"name":"WEAPON_PISTOL","label":"Pistol"},{"ammo":82,"name":"WEAPON_CARBINERIFLE","label":"Carbine rifle"}]', '{"x":-386.13174438477,"y":-107.79598236084,"z":38.68669128418}', 800, 0, 'user', b'0', NULL, '[{"val":831300,"percent":83.13,"name":"hunger"},{"val":873475,"percent":87.3475,"name":"thirst"}]', 'James', 'Sanchez', '09/19/1987', 'm', '200', 24930),
	('steam:110000106bb2848', 'license:7989e022d10d1445976a229fc0fe7538ed6dfb07', 0, 'Limahel', NULL, 'unemployed', 0, '[]', '{"y":5416.2001953125,"z":23.59557723999,"x":-1467.9499511719}', 200, 0, 'user', b'0', NULL, '[{"percent":95.52,"name":"hunger","val":955200},{"percent":96.64,"name":"thirst","val":966400}]', 'Mathew', 'Jones', '1992-07-20', 'm', '186', 85926),
	('steam:11000010a803b70', 'license:8f68f16622dbe2d4f594820fa1a59caa951a6c71', 389, 'USMC_2600', '{"pants_2":1,"skin":12,"makeup_1":0,"bags_2":0,"hair_2":0,"lipstick_2":0,"tshirt_1":0,"glasses_1":5,"pants_1":9,"age_1":0,"tshirt_2":0,"beard_1":0,"shoes_1":25,"hair_color_2":0,"arms":0,"chain_2":0,"eyebrows_1":0,"torso_2":0,"bags_1":0,"glasses_2":0,"beard_3":0,"eyebrows_3":0,"bproof_1":0,"eyebrows_2":0,"hair_color_1":7,"chain_1":0,"lipstick_4":0,"face":4,"beard_4":0,"lipstick_1":0,"sex":0,"mask_2":0,"mask_1":0,"torso_1":0,"makeup_2":0,"makeup_4":0,"decals_2":0,"ears_1":-1,"helmet_1":0,"shoes_2":0,"ears_2":0,"beard_2":0,"bproof_2":0,"hair_1":38,"lipstick_3":0,"helmet_2":0,"eyebrows_4":0,"makeup_3":0,"decals_1":0,"age_2":0}', 'police', 2, '[{"label":"Knife","name":"WEAPON_KNIFE","ammo":0},{"label":"Nightstick","name":"WEAPON_NIGHTSTICK","ammo":0},{"label":"Hammer","name":"WEAPON_HAMMER","ammo":0},{"label":"Bat","name":"WEAPON_BAT","ammo":0},{"label":"Golf club","name":"WEAPON_GOLFCLUB","ammo":0},{"label":"Crow bar","name":"WEAPON_CROWBAR","ammo":0},{"label":"Pistol","name":"WEAPON_PISTOL","ammo":-1},{"label":"Combat pistol","name":"WEAPON_COMBATPISTOL","ammo":-1},{"label":"Ap pistol","name":"WEAPON_APPISTOL","ammo":-1},{"label":"Pistol .50","name":"WEAPON_PISTOL50","ammo":-1},{"label":"Micro smg","name":"WEAPON_MICROSMG","ammo":-1},{"label":"Smg","name":"WEAPON_SMG","ammo":-1},{"label":"Assault smg","name":"WEAPON_ASSAULTSMG","ammo":-1},{"label":"Assault rifle","name":"WEAPON_ASSAULTRIFLE","ammo":-1},{"label":"Advanced rifle","name":"WEAPON_ADVANCEDRIFLE","ammo":-1},{"label":"Mg","name":"WEAPON_MG","ammo":-1},{"label":"Combat mg","name":"WEAPON_COMBATMG","ammo":-1},{"label":"Pump shotgun","name":"WEAPON_PUMPSHOTGUN","ammo":-1},{"label":"Sawed off shotgun","name":"WEAPON_SAWNOFFSHOTGUN","ammo":-1},{"label":"Assault shotgun","name":"WEAPON_ASSAULTSHOTGUN","ammo":-1},{"label":"Bullpup shotgun","name":"WEAPON_BULLPUPSHOTGUN","ammo":-1},{"label":"Tazer","name":"WEAPON_STUNGUN","ammo":-1},{"label":"Heavy sniper","name":"WEAPON_HEAVYSNIPER","ammo":-1},{"label":"Grenade launcher","name":"WEAPON_GRENADELAUNCHER","ammo":-1},{"label":"Rocket launcher","name":"WEAPON_RPG","ammo":-1},{"label":"Minigun","name":"WEAPON_MINIGUN","ammo":-1},{"label":"Grenade","name":"WEAPON_GRENADE","ammo":-1},{"label":"Sticky bomb","name":"WEAPON_STICKYBOMB","ammo":-1},{"label":"Smoke grenade","name":"WEAPON_SMOKEGRENADE","ammo":-1},{"label":"Bz gas","name":"WEAPON_BZGAS","ammo":-1},{"label":"Molotov cocktail","name":"WEAPON_MOLOTOV","ammo":-1},{"label":"Fire extinguisher","name":"WEAPON_FIREEXTINGUISHER","ammo":-1},{"label":"Jerrycan","name":"WEAPON_PETROLCAN","ammo":-1},{"label":"Ball","name":"WEAPON_BALL","ammo":-1},{"label":"Sns pistol","name":"WEAPON_SNSPISTOL","ammo":-1},{"label":"Bottle","name":"WEAPON_BOTTLE","ammo":0},{"label":"Gusenberg sweeper","name":"WEAPON_GUSENBERG","ammo":-1},{"label":"Special carbine","name":"WEAPON_SPECIALCARBINE","ammo":-1},{"label":"Heavy pistol","name":"WEAPON_HEAVYPISTOL","ammo":-1},{"label":"Bullpup rifle","name":"WEAPON_BULLPUPRIFLE","ammo":-1},{"label":"Dagger","name":"WEAPON_DAGGER","ammo":0},{"label":"Vintage pistol","name":"WEAPON_VINTAGEPISTOL","ammo":-1},{"label":"Firework","name":"WEAPON_FIREWORK","ammo":-1},{"label":"Musket","name":"WEAPON_MUSKET","ammo":-1},{"label":"Heavy shotgun","name":"WEAPON_HEAVYSHOTGUN","ammo":-1},{"label":"Marksman rifle","name":"WEAPON_MARKSMANRIFLE","ammo":-1},{"label":"Homing launcher","name":"WEAPON_HOMINGLAUNCHER","ammo":-1},{"label":"Proximity mine","name":"WEAPON_PROXMINE","ammo":-1},{"label":"Snow ball","name":"WEAPON_SNOWBALL","ammo":-1},{"label":"Flaregun","name":"WEAPON_FLAREGUN","ammo":-1},{"label":"Combat pdw","name":"WEAPON_COMBATPDW","ammo":-1},{"label":"Marksman pistol","name":"WEAPON_MARKSMANPISTOL","ammo":-1},{"label":"Knuckledusters","name":"WEAPON_KNUCKLE","ammo":0},{"label":"Hatchet","name":"WEAPON_HATCHET","ammo":0},{"label":"Railgun","name":"WEAPON_RAILGUN","ammo":-1},{"label":"Machete","name":"WEAPON_MACHETE","ammo":0},{"label":"Machine pistol","name":"WEAPON_MACHINEPISTOL","ammo":-1},{"label":"Switchblade","name":"WEAPON_SWITCHBLADE","ammo":0},{"label":"Heavy revolver","name":"WEAPON_REVOLVER","ammo":-1},{"label":"Double barrel shotgun","name":"WEAPON_DBSHOTGUN","ammo":-1},{"label":"Compact rifle","name":"WEAPON_COMPACTRIFLE","ammo":-1},{"label":"Auto shotgun","name":"WEAPON_AUTOSHOTGUN","ammo":-1},{"label":"Battle axe","name":"WEAPON_BATTLEAXE","ammo":0},{"label":"Compact launcher","name":"WEAPON_COMPACTLAUNCHER","ammo":-1},{"label":"Mini smg","name":"WEAPON_MINISMG","ammo":-1},{"label":"Pipe bomb","name":"WEAPON_PIPEBOMB","ammo":-1},{"label":"Pool cue","name":"WEAPON_POOLCUE","ammo":0},{"label":"Pipe wrench","name":"WEAPON_WRENCH","ammo":0},{"label":"Flashlight","name":"WEAPON_FLASHLIGHT","ammo":0},{"label":"Night vision","name":"GADGET_NIGHTVISION","ammo":0},{"label":"Parachute","name":"GADGET_PARACHUTE","ammo":0},{"label":"Flare gun","name":"WEAPON_FLARE","ammo":-1},{"label":"SNS Pistol Mk II","name":"WEAPON_SNSPISTOL_MK2","ammo":-1},{"label":"Heavy Revolver Mk II","name":"WEAPON_REVOLVER_MK2","ammo":-1},{"label":"Double-Action Revolver","name":"WEAPON_DOUBLEACTION","ammo":-1},{"label":"Special Carbine Mk II","name":"WEAPON_SPECIALCARBINE_MK2","ammo":-1},{"label":"Bullpup Rifle Mk II","name":"WEAPON_BULLPUPRIFLE_MK2","ammo":-1},{"label":"Pump Shotgun Mk II","name":"WEAPON_PUMPSHOTGUN_MK2","ammo":-1},{"label":"Marksman Rifle Mk II","name":"WEAPON_MARKSMANRIFLE_MK2","ammo":-1},{"label":"Assault Rifle Mk II ","name":"WEAPON_ASSAULTRIFLE_MK2","ammo":-1},{"label":"Carbine Rifle Mk II ","name":"WEAPON_CARBINERIFLE_MK2","ammo":-1},{"label":"Combat MG Mk II","name":"WEAPON_COMBATMG_MK2","ammo":-1},{"label":"Heavy Sniper Mk II","name":"WEAPON_HEAVYSNIPER_MK2","ammo":-1},{"label":"Pistol Mk II","name":"WEAPON_PISTOL_MK2","ammo":-1},{"label":"SMG Mk II","name":"WEAPON_SMG_MK2","ammo":-1}]', '{"z":31.396724700928,"y":6269.7666015625,"x":9.1999855041504}', 10850, 0, 'user', b'1', NULL, '[{"val":996800,"name":"hunger","percent":99.68},{"val":997600,"name":"thirst","percent":99.76}]', '', '', '', '', '', 18226),
	('steam:11000010b25e717', 'license:3985a0bbff8a5c88030c2d727115b536e42ddc86', 0, 'Maudadii157', NULL, 'unemployed', 0, '[]', '{"z":35.778411865234,"y":4151.1499023438,"x":714.10815429688}', 0, 0, 'user', b'0', NULL, '[{"val":984100,"percent":98.41,"name":"hunger"},{"val":988075,"percent":98.8075,"name":"thirst"}]', '', '', '', '', '', 87302),
	('steam:110000109732ebc', 'license:dc57d227d10d260b42d7ea4ffd8038cbef439353', 0, 'LoneWolf', NULL, 'unemployed', 0, '[]', '{"z":11.344116210938,"y":-672.63568115234,"x":2741.3215332031}', 200, 0, 'user', b'0', NULL, '[{"percent":98.31,"val":983100,"name":"hunger"},{"percent":98.7325,"val":987325,"name":"thirst"}]', 'Billy', 'Johnson', '03-19-1991', 'm', '170', 62649);
/*!40000 ALTER TABLE `users` ENABLE KEYS */;

-- Dumping structure for table essentialmode.user_accounts
CREATE TABLE IF NOT EXISTS `user_accounts` (
  `id` int(11) NOT NULL AUTO_INCREMENT,
  `identifier` varchar(255) NOT NULL,
  `name` varchar(255) NOT NULL,
  `money` double NOT NULL DEFAULT 0,
  PRIMARY KEY (`id`)
) ENGINE=InnoDB AUTO_INCREMENT=19 DEFAULT CHARSET=latin1;

-- Dumping data for table essentialmode.user_accounts: ~18 rows (approximately)
/*!40000 ALTER TABLE `user_accounts` DISABLE KEYS */;
INSERT INTO `user_accounts` (`id`, `identifier`, `name`, `money`) VALUES
	(1, 'steam:110000107da364f', 'black_money', 0),
	(2, 'steam:110000115292d86', 'black_money', 0),
	(3, 'steam:1100001072fa86f', 'black_money', 0),
	(4, 'steam:110000105c0d62c', 'black_money', 0),
	(5, 'steam:110000103fcfc24', 'black_money', 0),
	(6, 'steam:1100001328f4c87', 'black_money', 0),
	(7, 'steam:1100001060cc260', 'black_money', 0),
	(8, 'steam:110000135918278', 'black_money', 0),
	(9, 'steam:110000112eaa244', 'black_money', 0),
	(10, 'steam:1100001027c79c1', 'black_money', 0),
	(11, 'steam:1100001059093e2', 'black_money', 0),
	(12, 'steam:11000011700cf03', 'black_money', 0),
	(13, 'steam:110000117153993', 'black_money', 0),
	(14, 'steam:11000011c1e7fe7', 'black_money', 0),
	(15, 'steam:110000106bb2848', 'black_money', 0),
	(16, 'steam:11000010a803b70', 'black_money', 0),
	(17, 'steam:11000010b25e717', 'black_money', 0),
	(18, 'steam:110000109732ebc', 'black_money', 0);
/*!40000 ALTER TABLE `user_accounts` ENABLE KEYS */;

-- Dumping structure for table essentialmode.user_contacts
CREATE TABLE IF NOT EXISTS `user_contacts` (
  `id` int(11) NOT NULL AUTO_INCREMENT,
  `identifier` varchar(255) NOT NULL,
  `name` varchar(255) NOT NULL,
  `number` int(11) NOT NULL,
  PRIMARY KEY (`id`)
) ENGINE=InnoDB DEFAULT CHARSET=latin1;

-- Dumping data for table essentialmode.user_contacts: ~0 rows (approximately)
/*!40000 ALTER TABLE `user_contacts` DISABLE KEYS */;
/*!40000 ALTER TABLE `user_contacts` ENABLE KEYS */;

-- Dumping structure for table essentialmode.user_inventory
CREATE TABLE IF NOT EXISTS `user_inventory` (
  `id` int(11) NOT NULL AUTO_INCREMENT,
  `identifier` varchar(255) NOT NULL,
  `item` varchar(255) NOT NULL,
  `count` int(11) NOT NULL,
  PRIMARY KEY (`id`)
) ENGINE=InnoDB AUTO_INCREMENT=715 DEFAULT CHARSET=latin1;

-- Dumping data for table essentialmode.user_inventory: ~714 rows (approximately)
/*!40000 ALTER TABLE `user_inventory` DISABLE KEYS */;
INSERT INTO `user_inventory` (`id`, `identifier`, `item`, `count`) VALUES
	(1, 'steam:110000107da364f', 'carokit', 0),
	(2, 'steam:110000107da364f', 'bread', 0),
	(3, 'steam:110000107da364f', 'weed', 0),
	(4, 'steam:110000107da364f', 'packaged_chicken', 0),
	(5, 'steam:110000107da364f', 'bandage', 0),
	(6, 'steam:110000107da364f', 'packaged_plank', 0),
	(7, 'steam:110000107da364f', 'meth', 0),
	(8, 'steam:110000107da364f', 'petrol_raffin', 0),
	(9, 'steam:110000107da364f', 'fish', 0),
	(10, 'steam:110000107da364f', 'medikit', 0),
	(11, 'steam:110000107da364f', 'fabric', 0),
	(12, 'steam:110000107da364f', 'washed_stone', 0),
	(13, 'steam:110000107da364f', 'water', 0),
	(14, 'steam:110000107da364f', 'diamond', 0),
	(15, 'steam:110000107da364f', 'meth_pooch', 0),
	(16, 'steam:110000107da364f', 'essence', 0),
	(17, 'steam:110000107da364f', 'gazbottle', 0),
	(18, 'steam:110000107da364f', 'fixkit', 0),
	(19, 'steam:110000107da364f', 'petrol', 0),
	(20, 'steam:110000107da364f', 'opium_pooch', 0),
	(21, 'steam:110000107da364f', 'wool', 0),
	(22, 'steam:110000107da364f', 'fixtool', 0),
	(23, 'steam:110000107da364f', 'gold', 0),
	(24, 'steam:110000107da364f', 'copper', 0),
	(25, 'steam:110000107da364f', 'slaughtered_chicken', 0),
	(26, 'steam:110000107da364f', 'alive_chicken', 0),
	(27, 'steam:110000107da364f', 'wood', 0),
	(28, 'steam:110000107da364f', 'weed_pooch', 0),
	(29, 'steam:110000107da364f', 'clothe', 0),
	(30, 'steam:110000107da364f', 'coke', 0),
	(31, 'steam:110000107da364f', 'stone', 0),
	(32, 'steam:110000107da364f', 'cutted_wood', 0),
	(33, 'steam:110000107da364f', 'carotool', 0),
	(34, 'steam:110000107da364f', 'iron', 0),
	(35, 'steam:110000107da364f', 'opium', 0),
	(36, 'steam:110000107da364f', 'blowpipe', 0),
	(37, 'steam:110000107da364f', 'coke_pooch', 0),
	(38, 'steam:1100001072fa86f', 'bandage', 0),
	(39, 'steam:1100001072fa86f', 'carokit', 0),
	(40, 'steam:1100001072fa86f', 'bread', 0),
	(41, 'steam:1100001072fa86f', 'weed', 0),
	(42, 'steam:1100001072fa86f', 'packaged_chicken', 0),
	(43, 'steam:1100001072fa86f', 'packaged_plank', 0),
	(44, 'steam:1100001072fa86f', 'medikit', 0),
	(45, 'steam:1100001072fa86f', 'petrol_raffin', 0),
	(46, 'steam:1100001072fa86f', 'meth', 0),
	(47, 'steam:1100001072fa86f', 'fish', 0),
	(48, 'steam:1100001072fa86f', 'fabric', 0),
	(49, 'steam:1100001072fa86f', 'meth_pooch', 0),
	(50, 'steam:1100001072fa86f', 'water', 0),
	(51, 'steam:1100001072fa86f', 'washed_stone', 0),
	(52, 'steam:1100001072fa86f', 'diamond', 0),
	(53, 'steam:1100001072fa86f', 'gazbottle', 0),
	(54, 'steam:1100001072fa86f', 'essence', 0),
	(55, 'steam:1100001072fa86f', 'fixkit', 0),
	(56, 'steam:1100001072fa86f', 'petrol', 0),
	(57, 'steam:1100001072fa86f', 'opium_pooch', 0),
	(58, 'steam:1100001072fa86f', 'wool', 0),
	(59, 'steam:1100001072fa86f', 'gold', 0),
	(60, 'steam:1100001072fa86f', 'fixtool', 0),
	(61, 'steam:1100001072fa86f', 'copper', 0),
	(62, 'steam:1100001072fa86f', 'slaughtered_chicken', 0),
	(63, 'steam:1100001072fa86f', 'alive_chicken', 0),
	(64, 'steam:1100001072fa86f', 'coke', 0),
	(65, 'steam:1100001072fa86f', 'clothe', 0),
	(66, 'steam:1100001072fa86f', 'stone', 0),
	(67, 'steam:1100001072fa86f', 'weed_pooch', 0),
	(68, 'steam:1100001072fa86f', 'wood', 0),
	(69, 'steam:1100001072fa86f', 'opium', 0),
	(70, 'steam:1100001072fa86f', 'cutted_wood', 0),
	(71, 'steam:1100001072fa86f', 'iron', 0),
	(72, 'steam:1100001072fa86f', 'coke_pooch', 0),
	(73, 'steam:1100001072fa86f', 'carotool', 0),
	(74, 'steam:1100001072fa86f', 'blowpipe', 0),
	(75, 'steam:110000115292d86', 'bread', 5),
	(76, 'steam:110000115292d86', 'bandage', 0),
	(77, 'steam:110000115292d86', 'weed', 0),
	(78, 'steam:110000115292d86', 'carokit', 0),
	(79, 'steam:110000115292d86', 'packaged_chicken', 0),
	(80, 'steam:110000115292d86', 'packaged_plank', 0),
	(81, 'steam:110000115292d86', 'meth', 0),
	(82, 'steam:110000115292d86', 'fish', 0),
	(83, 'steam:110000115292d86', 'petrol_raffin', 0),
	(84, 'steam:110000115292d86', 'medikit', 0),
	(85, 'steam:110000115292d86', 'meth_pooch', 0),
	(86, 'steam:110000115292d86', 'fabric', 0),
	(87, 'steam:110000115292d86', 'water', 0),
	(88, 'steam:110000115292d86', 'diamond', 0),
	(89, 'steam:110000115292d86', 'washed_stone', 0),
	(90, 'steam:110000115292d86', 'essence', 0),
	(91, 'steam:110000115292d86', 'petrol', 0),
	(92, 'steam:110000115292d86', 'fixkit', 0),
	(93, 'steam:110000115292d86', 'gazbottle', 0),
	(94, 'steam:110000115292d86', 'opium_pooch', 0),
	(95, 'steam:110000115292d86', 'fixtool', 0),
	(96, 'steam:110000115292d86', 'wool', 0),
	(97, 'steam:110000115292d86', 'copper', 0),
	(98, 'steam:110000115292d86', 'gold', 0),
	(99, 'steam:110000115292d86', 'slaughtered_chicken', 0),
	(100, 'steam:110000115292d86', 'alive_chicken', 0),
	(101, 'steam:110000115292d86', 'coke', 0),
	(102, 'steam:110000115292d86', 'weed_pooch', 0),
	(103, 'steam:110000115292d86', 'wood', 0),
	(104, 'steam:110000115292d86', 'clothe', 0),
	(105, 'steam:110000115292d86', 'opium', 0),
	(106, 'steam:110000115292d86', 'cutted_wood', 0),
	(107, 'steam:110000115292d86', 'iron', 0),
	(108, 'steam:110000115292d86', 'stone', 0),
	(109, 'steam:110000115292d86', 'carotool', 0),
	(110, 'steam:110000115292d86', 'blowpipe', 0),
	(111, 'steam:110000115292d86', 'coke_pooch', 0),
	(112, 'steam:110000105c0d62c', 'packaged_chicken', 0),
	(113, 'steam:110000105c0d62c', 'bandage', 0),
	(114, 'steam:110000105c0d62c', 'carokit', 0),
	(115, 'steam:110000105c0d62c', 'weed', 0),
	(116, 'steam:110000105c0d62c', 'bread', 0),
	(117, 'steam:110000105c0d62c', 'packaged_plank', 0),
	(118, 'steam:110000105c0d62c', 'meth', 0),
	(119, 'steam:110000105c0d62c', 'petrol_raffin', 0),
	(120, 'steam:110000105c0d62c', 'medikit', 0),
	(121, 'steam:110000105c0d62c', 'fish', 0),
	(122, 'steam:110000105c0d62c', 'fabric', 0),
	(123, 'steam:110000105c0d62c', 'washed_stone', 0),
	(124, 'steam:110000105c0d62c', 'diamond', 0),
	(125, 'steam:110000105c0d62c', 'meth_pooch', 0),
	(126, 'steam:110000105c0d62c', 'gazbottle', 0),
	(127, 'steam:110000105c0d62c', 'water', 0),
	(128, 'steam:110000105c0d62c', 'fixkit', 0),
	(129, 'steam:110000105c0d62c', 'essence', 0),
	(130, 'steam:110000105c0d62c', 'wool', 0),
	(131, 'steam:110000105c0d62c', 'petrol', 0),
	(132, 'steam:110000105c0d62c', 'opium_pooch', 0),
	(133, 'steam:110000105c0d62c', 'gold', 0),
	(134, 'steam:110000105c0d62c', 'alive_chicken', 0),
	(135, 'steam:110000105c0d62c', 'fixtool', 0),
	(136, 'steam:110000105c0d62c', 'copper', 0),
	(137, 'steam:110000105c0d62c', 'slaughtered_chicken', 0),
	(138, 'steam:110000105c0d62c', 'coke', 0),
	(139, 'steam:110000105c0d62c', 'clothe', 0),
	(140, 'steam:110000105c0d62c', 'wood', 0),
	(141, 'steam:110000105c0d62c', 'stone', 0),
	(142, 'steam:110000105c0d62c', 'weed_pooch', 0),
	(143, 'steam:110000105c0d62c', 'iron', 0),
	(144, 'steam:110000105c0d62c', 'opium', 0),
	(145, 'steam:110000105c0d62c', 'carotool', 0),
	(146, 'steam:110000105c0d62c', 'blowpipe', 0),
	(147, 'steam:110000105c0d62c', 'cutted_wood', 0),
	(148, 'steam:110000105c0d62c', 'coke_pooch', 0),
	(149, 'steam:110000103fcfc24', 'coke', 0),
	(150, 'steam:110000103fcfc24', 'fabric', 0),
	(151, 'steam:110000103fcfc24', 'fish', 0),
	(152, 'steam:110000103fcfc24', 'carotool', 0),
	(153, 'steam:110000103fcfc24', 'weed_pooch', 0),
	(154, 'steam:110000103fcfc24', 'petrol_raffin', 0),
	(155, 'steam:110000103fcfc24', 'diamond', 0),
	(156, 'steam:110000103fcfc24', 'iron', 0),
	(157, 'steam:110000103fcfc24', 'packaged_plank', 0),
	(158, 'steam:110000103fcfc24', 'meth_pooch', 0),
	(159, 'steam:110000103fcfc24', 'medikit', 0),
	(160, 'steam:110000103fcfc24', 'washed_stone', 0),
	(161, 'steam:110000103fcfc24', 'gazbottle', 0),
	(162, 'steam:110000103fcfc24', 'stone', 0),
	(163, 'steam:110000103fcfc24', 'essence', 0),
	(164, 'steam:110000103fcfc24', 'carokit', 0),
	(165, 'steam:110000103fcfc24', 'water', 1),
	(166, 'steam:110000103fcfc24', 'gold', 0),
	(167, 'steam:110000103fcfc24', 'clothe', 0),
	(168, 'steam:110000103fcfc24', 'bandage', 0),
	(169, 'steam:110000103fcfc24', 'petrol', 0),
	(170, 'steam:110000103fcfc24', 'slaughtered_chicken', 0),
	(171, 'steam:110000103fcfc24', 'wood', 0),
	(172, 'steam:110000103fcfc24', 'alive_chicken', 0),
	(173, 'steam:110000103fcfc24', 'fixtool', 0),
	(174, 'steam:110000103fcfc24', 'cutted_wood', 0),
	(175, 'steam:110000103fcfc24', 'wool', 0),
	(176, 'steam:110000103fcfc24', 'weed', 0),
	(177, 'steam:110000103fcfc24', 'coke_pooch', 0),
	(178, 'steam:110000103fcfc24', 'fixkit', 0),
	(179, 'steam:110000103fcfc24', 'blowpipe', 0),
	(180, 'steam:110000103fcfc24', 'copper', 0),
	(181, 'steam:110000103fcfc24', 'meth', 0),
	(182, 'steam:110000103fcfc24', 'bread', 4),
	(183, 'steam:110000103fcfc24', 'opium_pooch', 0),
	(184, 'steam:110000103fcfc24', 'packaged_chicken', 0),
	(185, 'steam:110000103fcfc24', 'opium', 0),
	(186, 'steam:1100001328f4c87', 'carotool', 0),
	(187, 'steam:1100001328f4c87', 'fabric', 0),
	(188, 'steam:1100001328f4c87', 'weed_pooch', 0),
	(189, 'steam:1100001328f4c87', 'coke', 0),
	(190, 'steam:1100001328f4c87', 'fish', 0),
	(191, 'steam:1100001328f4c87', 'petrol_raffin', 0),
	(192, 'steam:1100001328f4c87', 'packaged_plank', 0),
	(193, 'steam:1100001328f4c87', 'meth_pooch', 0),
	(194, 'steam:1100001328f4c87', 'iron', 0),
	(195, 'steam:1100001328f4c87', 'diamond', 0),
	(196, 'steam:1100001328f4c87', 'medikit', 0),
	(197, 'steam:1100001328f4c87', 'gazbottle', 0),
	(198, 'steam:1100001328f4c87', 'stone', 0),
	(199, 'steam:1100001328f4c87', 'essence', 0),
	(200, 'steam:1100001328f4c87', 'washed_stone', 0),
	(201, 'steam:1100001328f4c87', 'carokit', 0),
	(202, 'steam:1100001328f4c87', 'clothe', 0),
	(203, 'steam:1100001328f4c87', 'bandage', 0),
	(204, 'steam:1100001328f4c87', 'gold', 0),
	(205, 'steam:1100001328f4c87', 'petrol', 0),
	(206, 'steam:1100001328f4c87', 'water', 0),
	(207, 'steam:1100001328f4c87', 'cutted_wood', 0),
	(208, 'steam:1100001328f4c87', 'fixtool', 0),
	(209, 'steam:1100001328f4c87', 'alive_chicken', 0),
	(210, 'steam:1100001328f4c87', 'wood', 0),
	(211, 'steam:1100001328f4c87', 'wool', 0),
	(212, 'steam:1100001328f4c87', 'slaughtered_chicken', 0),
	(213, 'steam:1100001328f4c87', 'fixkit', 0),
	(214, 'steam:1100001328f4c87', 'weed', 0),
	(215, 'steam:1100001328f4c87', 'coke_pooch', 0),
	(216, 'steam:1100001328f4c87', 'blowpipe', 0),
	(217, 'steam:1100001328f4c87', 'copper', 0),
	(218, 'steam:1100001328f4c87', 'meth', 0),
	(219, 'steam:1100001328f4c87', 'opium_pooch', 0),
	(220, 'steam:1100001328f4c87', 'bread', 0),
	(221, 'steam:1100001328f4c87', 'opium', 0),
	(222, 'steam:1100001328f4c87', 'packaged_chicken', 0),
	(223, 'steam:1100001060cc260', 'fish', 0),
	(224, 'steam:1100001060cc260', 'weed_pooch', 0),
	(225, 'steam:1100001060cc260', 'carotool', 0),
	(226, 'steam:1100001060cc260', 'coke', 0),
	(227, 'steam:1100001060cc260', 'fabric', 0),
	(228, 'steam:1100001060cc260', 'petrol_raffin', 0),
	(229, 'steam:1100001060cc260', 'iron', 0),
	(230, 'steam:1100001060cc260', 'diamond', 0),
	(231, 'steam:1100001060cc260', 'meth_pooch', 0),
	(232, 'steam:1100001060cc260', 'packaged_plank', 0),
	(233, 'steam:1100001060cc260', 'medikit', 0),
	(234, 'steam:1100001060cc260', 'essence', 0),
	(235, 'steam:1100001060cc260', 'stone', 0),
	(236, 'steam:1100001060cc260', 'gazbottle', 0),
	(237, 'steam:1100001060cc260', 'washed_stone', 0),
	(238, 'steam:1100001060cc260', 'carokit', 0),
	(239, 'steam:1100001060cc260', 'petrol', 0),
	(240, 'steam:1100001060cc260', 'bandage', 0),
	(241, 'steam:1100001060cc260', 'gold', 0),
	(242, 'steam:1100001060cc260', 'clothe', 0),
	(243, 'steam:1100001060cc260', 'cutted_wood', 0),
	(244, 'steam:1100001060cc260', 'fixtool', 0),
	(245, 'steam:1100001060cc260', 'water', 5),
	(246, 'steam:1100001060cc260', 'wood', 0),
	(247, 'steam:1100001060cc260', 'alive_chicken', 0),
	(248, 'steam:1100001060cc260', 'slaughtered_chicken', 0),
	(249, 'steam:1100001060cc260', 'fixkit', 0),
	(250, 'steam:1100001060cc260', 'wool', 0),
	(251, 'steam:1100001060cc260', 'coke_pooch', 0),
	(252, 'steam:1100001060cc260', 'weed', 0),
	(253, 'steam:1100001060cc260', 'blowpipe', 0),
	(254, 'steam:1100001060cc260', 'meth', 0),
	(255, 'steam:1100001060cc260', 'copper', 0),
	(256, 'steam:1100001060cc260', 'bread', 5),
	(257, 'steam:1100001060cc260', 'opium_pooch', 0),
	(258, 'steam:1100001060cc260', 'packaged_chicken', 0),
	(259, 'steam:1100001060cc260', 'opium', 0),
	(260, 'steam:110000107da364f', 'drill', 0),
	(261, 'steam:110000107da364f', 'vodka', 0),
	(262, 'steam:110000107da364f', 'pepsi', 1),
	(263, 'steam:1100001060cc260', 'drill', 0),
	(264, 'steam:1100001060cc260', 'pepsi', 0),
	(265, 'steam:1100001060cc260', 'vodka', 0),
	(266, 'steam:110000103fcfc24', 'pepsi', 5),
	(267, 'steam:110000103fcfc24', 'drill', 0),
	(268, 'steam:110000103fcfc24', 'vodka', 5),
	(269, 'steam:110000135918278', 'coke_pooch', 0),
	(270, 'steam:110000135918278', 'fish', 0),
	(271, 'steam:110000135918278', 'cutted_wood', 0),
	(272, 'steam:110000135918278', 'drill', 0),
	(273, 'steam:110000135918278', 'gold', 0),
	(274, 'steam:110000135918278', 'meth', 0),
	(275, 'steam:110000135918278', 'washed_stone', 0),
	(276, 'steam:110000135918278', 'alive_chicken', 0),
	(277, 'steam:110000135918278', 'fixtool', 0),
	(278, 'steam:110000135918278', 'pepsi', 0),
	(279, 'steam:110000135918278', 'fabric', 0),
	(280, 'steam:110000135918278', 'blowpipe', 0),
	(281, 'steam:110000135918278', 'copper', 0),
	(282, 'steam:110000135918278', 'essence', 0),
	(283, 'steam:110000135918278', 'opium', 0),
	(284, 'steam:110000135918278', 'iron', 0),
	(285, 'steam:110000135918278', 'opium_pooch', 0),
	(286, 'steam:110000135918278', 'bread', 0),
	(287, 'steam:110000135918278', 'medikit', 0),
	(288, 'steam:110000135918278', 'slaughtered_chicken', 0),
	(289, 'steam:110000135918278', 'clothe', 0),
	(290, 'steam:110000135918278', 'wool', 0),
	(291, 'steam:110000135918278', 'carotool', 0),
	(292, 'steam:110000135918278', 'carokit', 0),
	(293, 'steam:110000135918278', 'wood', 0),
	(294, 'steam:110000135918278', 'stone', 0),
	(295, 'steam:110000135918278', 'diamond', 0),
	(296, 'steam:110000135918278', 'vodka', 0),
	(297, 'steam:110000135918278', 'gazbottle', 0),
	(298, 'steam:110000135918278', 'petrol_raffin', 0),
	(299, 'steam:110000135918278', 'fixkit', 0),
	(300, 'steam:110000135918278', 'weed', 0),
	(301, 'steam:110000135918278', 'water', 0),
	(302, 'steam:110000135918278', 'meth_pooch', 0),
	(303, 'steam:110000135918278', 'weed_pooch', 0),
	(304, 'steam:110000135918278', 'coke', 0),
	(305, 'steam:110000135918278', 'petrol', 0),
	(306, 'steam:110000135918278', 'packaged_plank', 0),
	(307, 'steam:110000135918278', 'packaged_chicken', 0),
	(308, 'steam:110000135918278', 'bandage', 0),
	(309, 'steam:1100001072fa86f', 'drill', 0),
	(310, 'steam:1100001072fa86f', 'vodka', 0),
	(311, 'steam:1100001072fa86f', 'pepsi', 0),
	(312, 'steam:110000112eaa244', 'meth_pooch', 0),
	(313, 'steam:110000112eaa244', 'alive_chicken', 0),
	(314, 'steam:110000112eaa244', 'gold', 0),
	(315, 'steam:110000112eaa244', 'cutted_wood', 0),
	(316, 'steam:110000112eaa244', 'diamond', 0),
	(317, 'steam:110000112eaa244', 'fish', 0),
	(318, 'steam:110000112eaa244', 'opium', 0),
	(319, 'steam:110000112eaa244', 'bread', 0),
	(320, 'steam:110000112eaa244', 'copper', 0),
	(321, 'steam:110000112eaa244', 'drill', 0),
	(322, 'steam:110000112eaa244', 'carotool', 0),
	(323, 'steam:110000112eaa244', 'weed', 0),
	(324, 'steam:110000112eaa244', 'packaged_chicken', 0),
	(325, 'steam:110000112eaa244', 'packaged_plank', 0),
	(326, 'steam:110000112eaa244', 'stone', 0),
	(327, 'steam:110000112eaa244', 'coke_pooch', 0),
	(328, 'steam:110000112eaa244', 'wood', 0),
	(329, 'steam:110000112eaa244', 'coke', 0),
	(330, 'steam:110000112eaa244', 'fabric', 0),
	(331, 'steam:110000112eaa244', 'petrol', 0),
	(332, 'steam:110000112eaa244', 'iron', 0),
	(333, 'steam:110000112eaa244', 'essence', 0),
	(334, 'steam:110000112eaa244', 'bandage', 0),
	(335, 'steam:110000112eaa244', 'pepsi', 0),
	(336, 'steam:110000112eaa244', 'fixtool', 0),
	(337, 'steam:110000112eaa244', 'washed_stone', 0),
	(338, 'steam:110000112eaa244', 'slaughtered_chicken', 0),
	(339, 'steam:110000112eaa244', 'wool', 0),
	(340, 'steam:110000112eaa244', 'weed_pooch', 0),
	(341, 'steam:110000112eaa244', 'clothe', 0),
	(342, 'steam:110000112eaa244', 'water', 0),
	(343, 'steam:110000112eaa244', 'carokit', 0),
	(344, 'steam:110000112eaa244', 'opium_pooch', 0),
	(345, 'steam:110000112eaa244', 'vodka', 0),
	(346, 'steam:110000112eaa244', 'petrol_raffin', 0),
	(347, 'steam:110000112eaa244', 'medikit', 0),
	(348, 'steam:110000112eaa244', 'meth', 0),
	(349, 'steam:110000112eaa244', 'gazbottle', 0),
	(350, 'steam:110000112eaa244', 'fixkit', 0),
	(351, 'steam:110000112eaa244', 'blowpipe', 0),
	(352, 'steam:110000115292d86', 'pepsi', 0),
	(353, 'steam:110000115292d86', 'drill', 0),
	(354, 'steam:110000115292d86', 'vodka', 0),
	(355, 'steam:1100001027c79c1', 'coke', 0),
	(356, 'steam:1100001027c79c1', 'essence', 0),
	(357, 'steam:1100001027c79c1', 'copper', 0),
	(358, 'steam:1100001027c79c1', 'opium', 0),
	(359, 'steam:1100001027c79c1', 'alive_chicken', 0),
	(360, 'steam:1100001027c79c1', 'packaged_chicken', 0),
	(361, 'steam:1100001027c79c1', 'carotool', 0),
	(362, 'steam:1100001027c79c1', 'meth_pooch', 0),
	(363, 'steam:1100001027c79c1', 'cutted_wood', 0),
	(364, 'steam:1100001027c79c1', 'slaughtered_chicken', 0),
	(365, 'steam:1100001027c79c1', 'weed_pooch', 0),
	(366, 'steam:1100001027c79c1', 'bread', 0),
	(367, 'steam:1100001027c79c1', 'diamond', 0),
	(368, 'steam:1100001027c79c1', 'petrol_raffin', 0),
	(369, 'steam:1100001027c79c1', 'fish', 0),
	(370, 'steam:1100001027c79c1', 'wood', 0),
	(371, 'steam:1100001027c79c1', 'gold', 0),
	(372, 'steam:1100001027c79c1', 'vodka', 0),
	(373, 'steam:1100001027c79c1', 'water', 0),
	(374, 'steam:1100001027c79c1', 'weed', 0),
	(375, 'steam:1100001027c79c1', 'packaged_plank', 0),
	(376, 'steam:1100001027c79c1', 'drill', 0),
	(377, 'steam:1100001027c79c1', 'stone', 0),
	(378, 'steam:1100001027c79c1', 'pepsi', 0),
	(379, 'steam:1100001027c79c1', 'wool', 0),
	(380, 'steam:1100001027c79c1', 'fixtool', 0),
	(381, 'steam:1100001027c79c1', 'petrol', 0),
	(382, 'steam:1100001027c79c1', 'carokit', 0),
	(383, 'steam:1100001027c79c1', 'medikit', 0),
	(384, 'steam:1100001027c79c1', 'opium_pooch', 0),
	(385, 'steam:1100001027c79c1', 'gazbottle', 0),
	(386, 'steam:1100001027c79c1', 'iron', 0),
	(387, 'steam:1100001027c79c1', 'clothe', 0),
	(388, 'steam:1100001027c79c1', 'fixkit', 0),
	(389, 'steam:1100001027c79c1', 'blowpipe', 0),
	(390, 'steam:1100001027c79c1', 'washed_stone', 0),
	(391, 'steam:1100001027c79c1', 'fabric', 0),
	(392, 'steam:1100001027c79c1', 'meth', 0),
	(393, 'steam:1100001027c79c1', 'bandage', 0),
	(394, 'steam:1100001027c79c1', 'coke_pooch', 0),
	(395, 'steam:1100001059093e2', 'opium', 0),
	(396, 'steam:1100001059093e2', 'coke', 0),
	(397, 'steam:1100001059093e2', 'slaughtered_chicken', 0),
	(398, 'steam:1100001059093e2', 'vodka', 0),
	(399, 'steam:1100001059093e2', 'meth_pooch', 0),
	(400, 'steam:1100001059093e2', 'gold', 0),
	(401, 'steam:1100001059093e2', 'clothe', 0),
	(402, 'steam:1100001059093e2', 'petrol_raffin', 0),
	(403, 'steam:1100001059093e2', 'drill', 0),
	(404, 'steam:1100001059093e2', 'water', 0),
	(405, 'steam:1100001059093e2', 'cutted_wood', 0),
	(406, 'steam:1100001059093e2', 'copper', 0),
	(407, 'steam:1100001059093e2', 'carokit', 0),
	(408, 'steam:1100001059093e2', 'iron', 0),
	(409, 'steam:1100001059093e2', 'blowpipe', 0),
	(410, 'steam:1100001059093e2', 'pepsi', 0),
	(411, 'steam:1100001059093e2', 'petrol', 0),
	(412, 'steam:1100001059093e2', 'opium_pooch', 0),
	(413, 'steam:1100001059093e2', 'gazbottle', 0),
	(414, 'steam:1100001059093e2', 'wool', 0),
	(415, 'steam:1100001059093e2', 'packaged_chicken', 0),
	(416, 'steam:1100001059093e2', 'wood', 0),
	(417, 'steam:1100001059093e2', 'weed_pooch', 0),
	(418, 'steam:1100001059093e2', 'weed', 0),
	(419, 'steam:1100001059093e2', 'fabric', 0),
	(420, 'steam:1100001059093e2', 'stone', 0),
	(421, 'steam:1100001059093e2', 'bandage', 0),
	(422, 'steam:1100001059093e2', 'fixkit', 0),
	(423, 'steam:1100001059093e2', 'washed_stone', 0),
	(424, 'steam:1100001059093e2', 'packaged_plank', 0),
	(425, 'steam:1100001059093e2', 'essence', 0),
	(426, 'steam:1100001059093e2', 'bread', 0),
	(427, 'steam:1100001059093e2', 'meth', 0),
	(428, 'steam:1100001059093e2', 'carotool', 0),
	(429, 'steam:1100001059093e2', 'fixtool', 0),
	(430, 'steam:1100001059093e2', 'diamond', 0),
	(431, 'steam:1100001059093e2', 'medikit', 0),
	(432, 'steam:1100001059093e2', 'coke_pooch', 0),
	(433, 'steam:1100001059093e2', 'fish', 0),
	(434, 'steam:1100001059093e2', 'alive_chicken', 0),
	(435, 'steam:11000011700cf03', 'carokit', 0),
	(436, 'steam:11000011700cf03', 'coke', 0),
	(437, 'steam:11000011700cf03', 'weed_pooch', 0),
	(438, 'steam:11000011700cf03', 'opium', 0),
	(439, 'steam:11000011700cf03', 'slaughtered_chicken', 0),
	(440, 'steam:11000011700cf03', 'cutted_wood', 0),
	(441, 'steam:11000011700cf03', 'carotool', 0),
	(442, 'steam:11000011700cf03', 'vodka', 0),
	(443, 'steam:11000011700cf03', 'meth', 0),
	(444, 'steam:11000011700cf03', 'iron', 0),
	(445, 'steam:11000011700cf03', 'fixkit', 0),
	(446, 'steam:11000011700cf03', 'blowpipe', 0),
	(447, 'steam:11000011700cf03', 'copper', 0),
	(448, 'steam:11000011700cf03', 'bandage', 20),
	(449, 'steam:11000011700cf03', 'meth_pooch', 0),
	(450, 'steam:11000011700cf03', 'medikit', 4),
	(451, 'steam:11000011700cf03', 'packaged_chicken', 0),
	(452, 'steam:11000011700cf03', 'fabric', 0),
	(453, 'steam:11000011700cf03', 'washed_stone', 0),
	(454, 'steam:11000011700cf03', 'alive_chicken', 0),
	(455, 'steam:11000011700cf03', 'wool', 0),
	(456, 'steam:11000011700cf03', 'essence', 0),
	(457, 'steam:11000011700cf03', 'diamond', 0),
	(458, 'steam:11000011700cf03', 'fish', 0),
	(459, 'steam:11000011700cf03', 'packaged_plank', 0),
	(460, 'steam:11000011700cf03', 'wood', 0),
	(461, 'steam:11000011700cf03', 'opium_pooch', 0),
	(462, 'steam:11000011700cf03', 'bread', 5),
	(463, 'steam:11000011700cf03', 'pepsi', 0),
	(464, 'steam:11000011700cf03', 'clothe', 0),
	(465, 'steam:11000011700cf03', 'weed', 0),
	(466, 'steam:11000011700cf03', 'petrol_raffin', 0),
	(467, 'steam:11000011700cf03', 'stone', 0),
	(468, 'steam:11000011700cf03', 'petrol', 0),
	(469, 'steam:11000011700cf03', 'fixtool', 0),
	(470, 'steam:11000011700cf03', 'water', 5),
	(471, 'steam:11000011700cf03', 'drill', 0),
	(472, 'steam:11000011700cf03', 'gold', 0),
	(473, 'steam:11000011700cf03', 'coke_pooch', 0),
	(474, 'steam:11000011700cf03', 'gazbottle', 0),
	(475, 'steam:110000117153993', 'weed_pooch', 0),
	(476, 'steam:110000117153993', 'fabric', 0),
	(477, 'steam:110000117153993', 'petrol', 0),
	(478, 'steam:110000117153993', 'washed_stone', 0),
	(479, 'steam:110000117153993', 'petrol_raffin', 0),
	(480, 'steam:110000117153993', 'iron', 0),
	(481, 'steam:110000117153993', 'packaged_plank', 0),
	(482, 'steam:110000117153993', 'drill', 0),
	(483, 'steam:110000117153993', 'meth', 0),
	(484, 'steam:110000117153993', 'essence', 0),
	(485, 'steam:110000117153993', 'carotool', 0),
	(486, 'steam:110000117153993', 'cutted_wood', 0),
	(487, 'steam:110000117153993', 'gazbottle', 0),
	(488, 'steam:110000117153993', 'gold', 0),
	(489, 'steam:110000117153993', 'fixkit', 0),
	(490, 'steam:110000117153993', 'coke_pooch', 0),
	(491, 'steam:110000117153993', 'clothe', 0),
	(492, 'steam:110000117153993', 'bandage', 0),
	(493, 'steam:110000117153993', 'fish', 0),
	(494, 'steam:110000117153993', 'opium_pooch', 0),
	(495, 'steam:110000117153993', 'wool', 0),
	(496, 'steam:110000117153993', 'water', 0),
	(497, 'steam:110000117153993', 'weed', 0),
	(498, 'steam:110000117153993', 'wood', 0),
	(499, 'steam:110000117153993', 'vodka', 0),
	(500, 'steam:110000117153993', 'stone', 0),
	(501, 'steam:110000117153993', 'diamond', 0),
	(502, 'steam:110000117153993', 'slaughtered_chicken', 0),
	(503, 'steam:110000117153993', 'packaged_chicken', 0),
	(504, 'steam:110000117153993', 'fixtool', 0),
	(505, 'steam:110000117153993', 'pepsi', 0),
	(506, 'steam:110000117153993', 'bread', 0),
	(507, 'steam:110000117153993', 'coke', 0),
	(508, 'steam:110000117153993', 'alive_chicken', 0),
	(509, 'steam:110000117153993', 'meth_pooch', 0),
	(510, 'steam:110000117153993', 'medikit', 0),
	(511, 'steam:110000117153993', 'blowpipe', 0),
	(512, 'steam:110000117153993', 'copper', 0),
	(513, 'steam:110000117153993', 'opium', 0),
	(514, 'steam:110000117153993', 'carokit', 0),
	(515, 'steam:11000011c1e7fe7', 'carotool', 0),
	(516, 'steam:11000011c1e7fe7', 'bread', 0),
	(517, 'steam:11000011c1e7fe7', 'stone', 0),
	(518, 'steam:11000011c1e7fe7', 'packaged_plank', 0),
	(519, 'steam:11000011c1e7fe7', 'copper', 0),
	(520, 'steam:11000011c1e7fe7', 'diamond', 0),
	(521, 'steam:11000011c1e7fe7', 'fixtool', 0),
	(522, 'steam:11000011c1e7fe7', 'medikit', 0),
	(523, 'steam:11000011c1e7fe7', 'petrol', 0),
	(524, 'steam:11000011c1e7fe7', 'coke_pooch', 0),
	(525, 'steam:11000011c1e7fe7', 'bandage', 0),
	(526, 'steam:11000011c1e7fe7', 'weed', 0),
	(527, 'steam:11000011c1e7fe7', 'alive_chicken', 0),
	(528, 'steam:11000011c1e7fe7', 'wool', 0),
	(529, 'steam:11000011c1e7fe7', 'opium', 0),
	(530, 'steam:11000011c1e7fe7', 'pepsi', 0),
	(531, 'steam:11000011c1e7fe7', 'vodka', 0),
	(532, 'steam:11000011c1e7fe7', 'opium_pooch', 0),
	(533, 'steam:11000011c1e7fe7', 'fixkit', 0),
	(534, 'steam:11000011c1e7fe7', 'meth', 0),
	(535, 'steam:11000011c1e7fe7', 'packaged_chicken', 0),
	(536, 'steam:11000011c1e7fe7', 'slaughtered_chicken', 0),
	(537, 'steam:11000011c1e7fe7', 'washed_stone', 0),
	(538, 'steam:11000011c1e7fe7', 'water', 0),
	(539, 'steam:11000011c1e7fe7', 'weed_pooch', 0),
	(540, 'steam:11000011c1e7fe7', 'clothe', 0),
	(541, 'steam:11000011c1e7fe7', 'coke', 0),
	(542, 'steam:11000011c1e7fe7', 'iron', 0),
	(543, 'steam:11000011c1e7fe7', 'gazbottle', 0),
	(544, 'steam:11000011c1e7fe7', 'blowpipe', 0),
	(545, 'steam:11000011c1e7fe7', 'petrol_raffin', 0),
	(546, 'steam:11000011c1e7fe7', 'wood', 0),
	(547, 'steam:11000011c1e7fe7', 'drill', 0),
	(548, 'steam:11000011c1e7fe7', 'essence', 0),
	(549, 'steam:11000011c1e7fe7', 'cutted_wood', 0),
	(550, 'steam:11000011c1e7fe7', 'gold', 0),
	(551, 'steam:11000011c1e7fe7', 'carokit', 0),
	(552, 'steam:11000011c1e7fe7', 'fish', 0),
	(553, 'steam:11000011c1e7fe7', 'fabric', 0),
	(554, 'steam:11000011c1e7fe7', 'meth_pooch', 0),
	(555, 'steam:110000106bb2848', 'diamond', 0),
	(556, 'steam:110000106bb2848', 'stone', 0),
	(557, 'steam:110000106bb2848', 'opium_pooch', 0),
	(558, 'steam:110000106bb2848', 'weed_pooch', 0),
	(559, 'steam:110000106bb2848', 'blowpipe', 0),
	(560, 'steam:110000106bb2848', 'coke', 0),
	(561, 'steam:110000106bb2848', 'bread', 0),
	(562, 'steam:110000106bb2848', 'medikit', 0),
	(563, 'steam:110000106bb2848', 'copper', 0),
	(564, 'steam:110000106bb2848', 'packaged_chicken', 0),
	(565, 'steam:110000106bb2848', 'fabric', 0),
	(566, 'steam:110000106bb2848', 'washed_stone', 0),
	(567, 'steam:110000106bb2848', 'weed', 0),
	(568, 'steam:110000106bb2848', 'bandage', 0),
	(569, 'steam:110000106bb2848', 'petrol', 0),
	(570, 'steam:110000106bb2848', 'fixtool', 0),
	(571, 'steam:110000106bb2848', 'water', 0),
	(572, 'steam:110000106bb2848', 'gazbottle', 0),
	(573, 'steam:110000106bb2848', 'alive_chicken', 0),
	(574, 'steam:110000106bb2848', 'cutted_wood', 0),
	(575, 'steam:110000106bb2848', 'carotool', 0),
	(576, 'steam:110000106bb2848', 'fixkit', 0),
	(577, 'steam:110000106bb2848', 'coke_pooch', 0),
	(578, 'steam:110000106bb2848', 'wood', 0),
	(579, 'steam:110000106bb2848', 'pepsi', 0),
	(580, 'steam:110000106bb2848', 'meth', 0),
	(581, 'steam:110000106bb2848', 'carokit', 0),
	(582, 'steam:110000106bb2848', 'opium', 0),
	(583, 'steam:110000106bb2848', 'vodka', 0),
	(584, 'steam:110000106bb2848', 'gold', 0),
	(585, 'steam:110000106bb2848', 'packaged_plank', 0),
	(586, 'steam:110000106bb2848', 'fish', 0),
	(587, 'steam:110000106bb2848', 'meth_pooch', 0),
	(588, 'steam:110000106bb2848', 'wool', 0),
	(589, 'steam:110000106bb2848', 'clothe', 0),
	(590, 'steam:110000106bb2848', 'slaughtered_chicken', 0),
	(591, 'steam:110000106bb2848', 'petrol_raffin', 0),
	(592, 'steam:110000106bb2848', 'iron', 0),
	(593, 'steam:110000106bb2848', 'drill', 0),
	(594, 'steam:110000106bb2848', 'essence', 0),
	(595, 'steam:11000010a803b70', 'gazbottle', 0),
	(596, 'steam:11000010a803b70', 'copper', 0),
	(597, 'steam:11000010a803b70', 'coke_pooch', 0),
	(598, 'steam:11000010a803b70', 'pepsi', 0),
	(599, 'steam:11000010a803b70', 'diamond', 0),
	(600, 'steam:11000010a803b70', 'petrol', 0),
	(601, 'steam:11000010a803b70', 'iron', 0),
	(602, 'steam:11000010a803b70', 'cutted_wood', 0),
	(603, 'steam:11000010a803b70', 'gold', 0),
	(604, 'steam:11000010a803b70', 'bread', 0),
	(605, 'steam:11000010a803b70', 'carokit', 0),
	(606, 'steam:11000010a803b70', 'opium_pooch', 0),
	(607, 'steam:11000010a803b70', 'wood', 0),
	(608, 'steam:11000010a803b70', 'meth_pooch', 0),
	(609, 'steam:11000010a803b70', 'alive_chicken', 0),
	(610, 'steam:11000010a803b70', 'washed_stone', 0),
	(611, 'steam:11000010a803b70', 'meth', 0),
	(612, 'steam:11000010a803b70', 'weed_pooch', 0),
	(613, 'steam:11000010a803b70', 'coke', 0),
	(614, 'steam:11000010a803b70', 'petrol_raffin', 0),
	(615, 'steam:11000010a803b70', 'medikit', 0),
	(616, 'steam:11000010a803b70', 'carotool', 0),
	(617, 'steam:11000010a803b70', 'essence', 0),
	(618, 'steam:11000010a803b70', 'packaged_plank', 0),
	(619, 'steam:11000010a803b70', 'wool', 0),
	(620, 'steam:11000010a803b70', 'fish', 0),
	(621, 'steam:11000010a803b70', 'fixtool', 0),
	(622, 'steam:11000010a803b70', 'fixkit', 0),
	(623, 'steam:11000010a803b70', 'stone', 0),
	(624, 'steam:11000010a803b70', 'vodka', 0),
	(625, 'steam:11000010a803b70', 'water', 0),
	(626, 'steam:11000010a803b70', 'clothe', 0),
	(627, 'steam:11000010a803b70', 'slaughtered_chicken', 0),
	(628, 'steam:11000010a803b70', 'packaged_chicken', 0),
	(629, 'steam:11000010a803b70', 'drill', 0),
	(630, 'steam:11000010a803b70', 'fabric', 0),
	(631, 'steam:11000010a803b70', 'opium', 0),
	(632, 'steam:11000010a803b70', 'blowpipe', 0),
	(633, 'steam:11000010a803b70', 'weed', 0),
	(634, 'steam:11000010a803b70', 'bandage', 0),
	(635, 'steam:11000010b25e717', 'pepsi', 0),
	(636, 'steam:11000010b25e717', 'washed_stone', 0),
	(637, 'steam:11000010b25e717', 'weed_pooch', 0),
	(638, 'steam:11000010b25e717', 'cutted_wood', 0),
	(639, 'steam:11000010b25e717', 'coke_pooch', 0),
	(640, 'steam:11000010b25e717', 'coke', 0),
	(641, 'steam:11000010b25e717', 'gazbottle', 0),
	(642, 'steam:11000010b25e717', 'petrol', 0),
	(643, 'steam:11000010b25e717', 'fish', 0),
	(644, 'steam:11000010b25e717', 'meth', 0),
	(645, 'steam:11000010b25e717', 'bandage', 0),
	(646, 'steam:11000010b25e717', 'diamond', 0),
	(647, 'steam:11000010b25e717', 'fixtool', 0),
	(648, 'steam:11000010b25e717', 'gold', 0),
	(649, 'steam:11000010b25e717', 'iron', 0),
	(650, 'steam:11000010b25e717', 'fabric', 0),
	(651, 'steam:11000010b25e717', 'drill', 0),
	(652, 'steam:11000010b25e717', 'copper', 0),
	(653, 'steam:11000010b25e717', 'packaged_chicken', 0),
	(654, 'steam:11000010b25e717', 'bread', 0),
	(655, 'steam:11000010b25e717', 'wool', 0),
	(656, 'steam:11000010b25e717', 'wood', 0),
	(657, 'steam:11000010b25e717', 'opium', 0),
	(658, 'steam:11000010b25e717', 'blowpipe', 0),
	(659, 'steam:11000010b25e717', 'fixkit', 0),
	(660, 'steam:11000010b25e717', 'water', 0),
	(661, 'steam:11000010b25e717', 'medikit', 0),
	(662, 'steam:11000010b25e717', 'stone', 0),
	(663, 'steam:11000010b25e717', 'slaughtered_chicken', 0),
	(664, 'steam:11000010b25e717', 'alive_chicken', 0),
	(665, 'steam:11000010b25e717', 'carotool', 0),
	(666, 'steam:11000010b25e717', 'vodka', 0),
	(667, 'steam:11000010b25e717', 'clothe', 0),
	(668, 'steam:11000010b25e717', 'meth_pooch', 0),
	(669, 'steam:11000010b25e717', 'opium_pooch', 0),
	(670, 'steam:11000010b25e717', 'petrol_raffin', 0),
	(671, 'steam:11000010b25e717', 'packaged_plank', 0),
	(672, 'steam:11000010b25e717', 'weed', 0),
	(673, 'steam:11000010b25e717', 'carokit', 0),
	(674, 'steam:11000010b25e717', 'essence', 0),
	(675, 'steam:110000109732ebc', 'packaged_chicken', 0),
	(676, 'steam:110000109732ebc', 'iron', 0),
	(677, 'steam:110000109732ebc', 'water', 0),
	(678, 'steam:110000109732ebc', 'fabric', 0),
	(679, 'steam:110000109732ebc', 'pepsi', 0),
	(680, 'steam:110000109732ebc', 'packaged_plank', 0),
	(681, 'steam:110000109732ebc', 'clothe', 0),
	(682, 'steam:110000109732ebc', 'bread', 0),
	(683, 'steam:110000109732ebc', 'weed_pooch', 0),
	(684, 'steam:110000109732ebc', 'fixkit', 0),
	(685, 'steam:110000109732ebc', 'bandage', 0),
	(686, 'steam:110000109732ebc', 'meth_pooch', 0),
	(687, 'steam:110000109732ebc', 'alive_chicken', 0),
	(688, 'steam:110000109732ebc', 'fish', 0),
	(689, 'steam:110000109732ebc', 'fixtool', 0),
	(690, 'steam:110000109732ebc', 'petrol', 0),
	(691, 'steam:110000109732ebc', 'coke_pooch', 0),
	(692, 'steam:110000109732ebc', 'carotool', 0),
	(693, 'steam:110000109732ebc', 'opium', 0),
	(694, 'steam:110000109732ebc', 'meth', 0),
	(695, 'steam:110000109732ebc', 'blowpipe', 0),
	(696, 'steam:110000109732ebc', 'gold', 0),
	(697, 'steam:110000109732ebc', 'gazbottle', 0),
	(698, 'steam:110000109732ebc', 'carokit', 0),
	(699, 'steam:110000109732ebc', 'cutted_wood', 0),
	(700, 'steam:110000109732ebc', 'slaughtered_chicken', 0),
	(701, 'steam:110000109732ebc', 'medikit', 0),
	(702, 'steam:110000109732ebc', 'opium_pooch', 0),
	(703, 'steam:110000109732ebc', 'essence', 0),
	(704, 'steam:110000109732ebc', 'weed', 0),
	(705, 'steam:110000109732ebc', 'wool', 0),
	(706, 'steam:110000109732ebc', 'wood', 0),
	(707, 'steam:110000109732ebc', 'washed_stone', 0),
	(708, 'steam:110000109732ebc', 'diamond', 0),
	(709, 'steam:110000109732ebc', 'vodka', 0),
	(710, 'steam:110000109732ebc', 'stone', 0),
	(711, 'steam:110000109732ebc', 'petrol_raffin', 0),
	(712, 'steam:110000109732ebc', 'copper', 0),
	(713, 'steam:110000109732ebc', 'drill', 0),
	(714, 'steam:110000109732ebc', 'coke', 0);
/*!40000 ALTER TABLE `user_inventory` ENABLE KEYS */;

-- Dumping structure for table essentialmode.user_licenses
CREATE TABLE IF NOT EXISTS `user_licenses` (
  `id` int(11) NOT NULL AUTO_INCREMENT,
  `type` varchar(60) NOT NULL,
  `owner` varchar(60) NOT NULL,
  PRIMARY KEY (`id`)
) ENGINE=InnoDB AUTO_INCREMENT=6 DEFAULT CHARSET=latin1;

-- Dumping data for table essentialmode.user_licenses: ~5 rows (approximately)
/*!40000 ALTER TABLE `user_licenses` DISABLE KEYS */;
INSERT INTO `user_licenses` (`id`, `type`, `owner`) VALUES
	(1, 'weapon', 'steam:110000107da364f'),
	(2, 'weapon', 'steam:110000115292d86'),
	(3, 'weapon', 'steam:110000103fcfc24'),
	(4, 'weapon', 'steam:11000011700cf03'),
	(5, 'weapon', 'steam:11000010a803b70');
/*!40000 ALTER TABLE `user_licenses` ENABLE KEYS */;

-- Dumping structure for table essentialmode.user_parkings
CREATE TABLE IF NOT EXISTS `user_parkings` (
  `id` int(11) NOT NULL AUTO_INCREMENT,
  `identifier` varchar(60) DEFAULT NULL,
  `garage` varchar(60) DEFAULT NULL,
  `zone` int(11) NOT NULL,
  `vehicle` longtext DEFAULT NULL,
  PRIMARY KEY (`id`)
) ENGINE=InnoDB AUTO_INCREMENT=5 DEFAULT CHARSET=latin1;

-- Dumping data for table essentialmode.user_parkings: ~2 rows (approximately)
/*!40000 ALTER TABLE `user_parkings` DISABLE KEYS */;
INSERT INTO `user_parkings` (`id`, `identifier`, `garage`, `zone`, `vehicle`) VALUES
	(2, 'steam:110000115292d86', 'IntegrityWay', 5, '{"neonEnabled":[false,false,false,false],"modDial":-1,"modVanityPlate":-1,"modTank":-1,"modSteeringWheel":-1,"modShifterLeavers":-1,"modEngine":3,"modFender":-1,"dirtLevel":15.0,"modTrunk":-1,"modRearBumper":-1,"modTransmission":2,"modLivery":-1,"modDoorSpeaker":-1,"color1":13,"modDashboard":-1,"modTurbo":1,"wheels":7,"modAirFilter":-1,"color2":0,"modStruts":-1,"modHorns":44,"modGrille":-1,"modRightFender":-1,"modSmokeEnabled":1,"modAerials":-1,"modFrontWheels":37,"health":999,"modOrnaments":-1,"model":80636076,"modTrimA":-1,"modTrimB":-1,"modWindows":-1,"modEngineBlock":-1,"neonColor":[255,0,255],"windowTint":1,"modExhaust":-1,"wheelColor":147,"modArmor":4,"modRoof":-1,"modXenon":1,"modAPlate":-1,"modHood":-1,"pearlescentColor":4,"modArchCover":-1,"modSideSkirt":-1,"modPlateHolder":-1,"modSpoilers":-1,"modSuspension":3,"modSeats":-1,"modHydrolic":-1,"modSpeakers":-1,"modFrame":-1,"modFrontBumper":-1,"modBrakes":2,"plateIndex":1,"plate":"08ALZ183","tyreSmokeColor":[128,128,0],"modBackWheels":-1}'),
	(4, 'steam:110000115292d86', 'IntegrityWay', 6, '{"neonEnabled":[false,false,false,false],"modDial":-1,"modVanityPlate":-1,"modTank":-1,"modSteeringWheel":-1,"modShifterLeavers":-1,"modEngine":-1,"modFender":-1,"dirtLevel":4.292601108551,"modTrunk":-1,"modRearBumper":-1,"modTransmission":-1,"modLivery":-1,"modDoorSpeaker":-1,"color1":111,"modDashboard":-1,"modTurbo":false,"wheels":0,"modAirFilter":-1,"color2":0,"modStruts":-1,"modHorns":-1,"modGrille":-1,"modRightFender":-1,"modSmokeEnabled":1,"modAerials":-1,"modFrontWheels":-1,"health":1000,"modOrnaments":-1,"model":-1627000575,"modTrimA":-1,"modTrimB":-1,"modWindows":-1,"modEngineBlock":-1,"neonColor":[255,0,255],"windowTint":-1,"modExhaust":-1,"wheelColor":156,"modArmor":-1,"modRoof":-1,"modXenon":false,"modAPlate":-1,"modHood":-1,"pearlescentColor":1,"modArchCover":-1,"modSideSkirt":-1,"modPlateHolder":-1,"modSpoilers":-1,"modSuspension":-1,"modSeats":-1,"modHydrolic":-1,"modSpeakers":-1,"modFrame":-1,"modFrontBumper":-1,"modBrakes":-1,"plateIndex":4,"plate":"02PVT396","tyreSmokeColor":[255,255,255],"modBackWheels":-1}');
/*!40000 ALTER TABLE `user_parkings` ENABLE KEYS */;

-- Dumping structure for table essentialmode.vehicles
CREATE TABLE IF NOT EXISTS `vehicles` (
  `name` varchar(60) NOT NULL,
  `model` varchar(60) NOT NULL,
  `price` int(11) NOT NULL,
  `category` varchar(60) DEFAULT NULL,
  PRIMARY KEY (`model`)
) ENGINE=InnoDB DEFAULT CHARSET=latin1;

-- Dumping data for table essentialmode.vehicles: ~240 rows (approximately)
/*!40000 ALTER TABLE `vehicles` DISABLE KEYS */;
INSERT INTO `vehicles` (`name`, `model`, `price`, `category`) VALUES
	('Adder', 'adder', 900000, 'super'),
	('Akuma', 'AKUMA', 7500, 'motorcycles'),
	('Alpha', 'alpha', 60000, 'sports'),
	('Ardent', 'ardent', 1150000, 'sportsclassics'),
	('Asea', 'asea', 5500, 'sedans'),
	('Autarch', 'autarch', 1955000, 'super'),
	('Avarus', 'avarus', 18000, 'motorcycles'),
	('Bagger', 'bagger', 13500, 'motorcycles'),
	('Baller', 'baller2', 40000, 'suvs'),
	('Baller Sport', 'baller3', 60000, 'suvs'),
	('Banshee', 'banshee', 70000, 'sports'),
	('Banshee 900R', 'banshee2', 255000, 'super'),
	('Bati 801', 'bati', 12000, 'motorcycles'),
	('Bati 801RR', 'bati2', 19000, 'motorcycles'),
	('Bestia GTS', 'bestiagts', 55000, 'sports'),
	('BF400', 'bf400', 6500, 'motorcycles'),
	('Bf Injection', 'bfinjection', 16000, 'offroad'),
	('Bifta', 'bifta', 12000, 'offroad'),
	('Bison', 'bison', 45000, 'vans'),
	('Blade', 'blade', 15000, 'muscle'),
	('Blazer', 'blazer', 6500, 'offroad'),
	('Blazer Sport', 'blazer4', 8500, 'offroad'),
	('blazer5', 'blazer5', 1755600, 'offroad'),
	('Blista', 'blista', 8000, 'compacts'),
	('BMX (velo)', 'bmx', 160, 'motorcycles'),
	('Bobcat XL', 'bobcatxl', 32000, 'vans'),
	('Brawler', 'brawler', 45000, 'offroad'),
	('Brioso R/A', 'brioso', 18000, 'compacts'),
	('Btype', 'btype', 62000, 'sportsclassics'),
	('Btype Hotroad', 'btype2', 155000, 'sportsclassics'),
	('Btype Luxe', 'btype3', 85000, 'sportsclassics'),
	('Buccaneer', 'buccaneer', 18000, 'muscle'),
	('Buccaneer Rider', 'buccaneer2', 24000, 'muscle'),
	('Buffalo', 'buffalo', 12000, 'sports'),
	('Buffalo S', 'buffalo2', 20000, 'sports'),
	('Bullet', 'bullet', 90000, 'super'),
	('Burrito', 'burrito3', 19000, 'vans'),
	('Camper', 'camper', 42000, 'vans'),
	('Carbonizzare', 'carbonizzare', 75000, 'sports'),
	('Carbon RS', 'carbonrs', 18000, 'motorcycles'),
	('Casco', 'casco', 30000, 'sportsclassics'),
	('Cavalcade', 'cavalcade2', 55000, 'suvs'),
	('Cheetah', 'cheetah', 375000, 'super'),
	('Chimera', 'chimera', 38000, 'motorcycles'),
	('Chino', 'chino', 15000, 'muscle'),
	('Chino Luxe', 'chino2', 19000, 'muscle'),
	('Cliffhanger', 'cliffhanger', 9500, 'motorcycles'),
	('Cognoscenti Cabrio', 'cogcabrio', 55000, 'coupes'),
	('Cognoscenti', 'cognoscenti', 55000, 'sedans'),
	('Comet', 'comet2', 65000, 'sports'),
	('Comet 5', 'comet5', 1145000, 'sports'),
	('Contender', 'contender', 70000, 'suvs'),
	('Coquette', 'coquette', 65000, 'sports'),
	('Coquette Classic', 'coquette2', 40000, 'sportsclassics'),
	('Coquette BlackFin', 'coquette3', 55000, 'muscle'),
	('Cruiser (velo)', 'cruiser', 510, 'motorcycles'),
	('Cyclone', 'cyclone', 1890000, 'super'),
	('Daemon', 'daemon', 11500, 'motorcycles'),
	('Daemon High', 'daemon2', 13500, 'motorcycles'),
	('Defiler', 'defiler', 9800, 'motorcycles'),
	('Deluxo', 'deluxo', 4721500, 'sportsclassics'),
	('Dominator', 'dominator', 35000, 'muscle'),
	('Double T', 'double', 28000, 'motorcycles'),
	('Dubsta', 'dubsta', 45000, 'suvs'),
	('Dubsta Luxuary', 'dubsta2', 60000, 'suvs'),
	('Bubsta 6x6', 'dubsta3', 120000, 'offroad'),
	('Dukes', 'dukes', 28000, 'muscle'),
	('Dune Buggy', 'dune', 8000, 'offroad'),
	('Elegy', 'elegy2', 38500, 'sports'),
	('Emperor', 'emperor', 8500, 'sedans'),
	('Enduro', 'enduro', 5500, 'motorcycles'),
	('Entity XF', 'entityxf', 425000, 'super'),
	('Esskey', 'esskey', 4200, 'motorcycles'),
	('Exemplar', 'exemplar', 32000, 'coupes'),
	('F620', 'f620', 40000, 'coupes'),
	('Faction', 'faction', 20000, 'muscle'),
	('Faction Rider', 'faction2', 30000, 'muscle'),
	('Faction XL', 'faction3', 40000, 'muscle'),
	('Faggio', 'faggio', 1900, 'motorcycles'),
	('Vespa', 'faggio2', 2800, 'motorcycles'),
	('Felon', 'felon', 42000, 'coupes'),
	('Felon GT', 'felon2', 55000, 'coupes'),
	('Feltzer', 'feltzer2', 55000, 'sports'),
	('Stirling GT', 'feltzer3', 65000, 'sportsclassics'),
	('Fixter (velo)', 'fixter', 225, 'motorcycles'),
	('FMJ', 'fmj', 185000, 'super'),
	('Fhantom', 'fq2', 17000, 'suvs'),
	('Fugitive', 'fugitive', 12000, 'sedans'),
	('Furore GT', 'furoregt', 45000, 'sports'),
	('Fusilade', 'fusilade', 40000, 'sports'),
	('Gargoyle', 'gargoyle', 16500, 'motorcycles'),
	('Gauntlet', 'gauntlet', 30000, 'muscle'),
	('Gang Burrito', 'gburrito', 45000, 'vans'),
	('Burrito', 'gburrito2', 29000, 'vans'),
	('Glendale', 'glendale', 6500, 'sedans'),
	('Grabger', 'granger', 50000, 'suvs'),
	('Gresley', 'gresley', 47500, 'suvs'),
	('GT 500', 'gt500', 785000, 'sportsclassics'),
	('Guardian', 'guardian', 45000, 'offroad'),
	('Hakuchou', 'hakuchou', 31000, 'motorcycles'),
	('Hakuchou Sport', 'hakuchou2', 55000, 'motorcycles'),
	('Hermes', 'hermes', 535000, 'muscle'),
	('Hexer', 'hexer', 12000, 'motorcycles'),
	('Hotknife', 'hotknife', 125000, 'muscle'),
	('Huntley S', 'huntley', 40000, 'suvs'),
	('Hustler', 'hustler', 625000, 'muscle'),
	('Infernus', 'infernus', 180000, 'super'),
	('Innovation', 'innovation', 23500, 'motorcycles'),
	('Intruder', 'intruder', 7500, 'sedans'),
	('Issi', 'issi2', 10000, 'compacts'),
	('Jackal', 'jackal', 38000, 'coupes'),
	('Jester', 'jester', 65000, 'sports'),
	('Jester(Racecar)', 'jester2', 135000, 'sports'),
	('Journey', 'journey', 6500, 'vans'),
	('Kamacho', 'kamacho', 345000, 'offroad'),
	('Khamelion', 'khamelion', 38000, 'sports'),
	('Kuruma', 'kuruma', 30000, 'sports'),
	('Landstalker', 'landstalker', 35000, 'suvs'),
	('RE-7B', 'le7b', 325000, 'super'),
	('Lynx', 'lynx', 40000, 'sports'),
	('Mamba', 'mamba', 70000, 'sports'),
	('Manana', 'manana', 12800, 'sportsclassics'),
	('Manchez', 'manchez', 5300, 'motorcycles'),
	('Massacro', 'massacro', 65000, 'sports'),
	('Massacro(Racecar)', 'massacro2', 130000, 'sports'),
	('Mesa', 'mesa', 16000, 'suvs'),
	('Mesa Trail', 'mesa3', 40000, 'suvs'),
	('Minivan', 'minivan', 13000, 'vans'),
	('Monroe', 'monroe', 55000, 'sportsclassics'),
	('The Liberator', 'monster', 210000, 'offroad'),
	('Moonbeam', 'moonbeam', 18000, 'vans'),
	('Moonbeam Rider', 'moonbeam2', 35000, 'vans'),
	('Nemesis', 'nemesis', 5800, 'motorcycles'),
	('Neon', 'neon', 1500000, 'sports'),
	('Nightblade', 'nightblade', 35000, 'motorcycles'),
	('Nightshade', 'nightshade', 65000, 'muscle'),
	('9F', 'ninef', 65000, 'sports'),
	('9F Cabrio', 'ninef2', 80000, 'sports'),
	('Omnis', 'omnis', 35000, 'sports'),
	('Oppressor', 'oppressor', 3524500, 'super'),
	('Oracle XS', 'oracle2', 35000, 'coupes'),
	('Osiris', 'osiris', 160000, 'super'),
	('Panto', 'panto', 10000, 'compacts'),
	('Paradise', 'paradise', 19000, 'vans'),
	('Pariah', 'pariah', 1420000, 'sports'),
	('Patriot', 'patriot', 55000, 'suvs'),
	('PCJ-600', 'pcj', 6200, 'motorcycles'),
	('Penumbra', 'penumbra', 28000, 'sports'),
	('Pfister', 'pfister811', 85000, 'super'),
	('Phoenix', 'phoenix', 12500, 'muscle'),
	('Picador', 'picador', 18000, 'muscle'),
	('Pigalle', 'pigalle', 20000, 'sportsclassics'),
	('Prairie', 'prairie', 12000, 'compacts'),
	('Premier', 'premier', 8000, 'sedans'),
	('Primo Custom', 'primo2', 14000, 'sedans'),
	('X80 Proto', 'prototipo', 2500000, 'super'),
	('Radius', 'radi', 29000, 'suvs'),
	('raiden', 'raiden', 1375000, 'sports'),
	('Rapid GT', 'rapidgt', 35000, 'sports'),
	('Rapid GT Convertible', 'rapidgt2', 45000, 'sports'),
	('Rapid GT3', 'rapidgt3', 885000, 'sportsclassics'),
	('Reaper', 'reaper', 150000, 'super'),
	('Rebel', 'rebel2', 35000, 'offroad'),
	('Regina', 'regina', 5000, 'sedans'),
	('Retinue', 'retinue', 615000, 'sportsclassics'),
	('Revolter', 'revolter', 1610000, 'sports'),
	('riata', 'riata', 380000, 'offroad'),
	('Rocoto', 'rocoto', 45000, 'suvs'),
	('Ruffian', 'ruffian', 6800, 'motorcycles'),
	('Ruiner 2', 'ruiner2', 5745600, 'muscle'),
	('Rumpo', 'rumpo', 15000, 'vans'),
	('Rumpo Trail', 'rumpo3', 19500, 'vans'),
	('Sabre Turbo', 'sabregt', 20000, 'muscle'),
	('Sabre GT', 'sabregt2', 25000, 'muscle'),
	('Sanchez', 'sanchez', 5300, 'motorcycles'),
	('Sanchez Sport', 'sanchez2', 5300, 'motorcycles'),
	('Sanctus', 'sanctus', 25000, 'motorcycles'),
	('Sandking', 'sandking', 55000, 'offroad'),
	('Savestra', 'savestra', 990000, 'sportsclassics'),
	('SC 1', 'sc1', 1603000, 'super'),
	('Schafter', 'schafter2', 25000, 'sedans'),
	('Schafter V12', 'schafter3', 50000, 'sports'),
	('Scorcher (velo)', 'scorcher', 280, 'motorcycles'),
	('Seminole', 'seminole', 25000, 'suvs'),
	('Sentinel', 'sentinel', 32000, 'coupes'),
	('Sentinel XS', 'sentinel2', 40000, 'coupes'),
	('Sentinel3', 'sentinel3', 650000, 'sports'),
	('Seven 70', 'seven70', 39500, 'sports'),
	('ETR1', 'sheava', 220000, 'super'),
	('Shotaro Concept', 'shotaro', 320000, 'motorcycles'),
	('Slam Van', 'slamvan3', 11500, 'muscle'),
	('Sovereign', 'sovereign', 22000, 'motorcycles'),
	('Stinger', 'stinger', 80000, 'sportsclassics'),
	('Stinger GT', 'stingergt', 75000, 'sportsclassics'),
	('Streiter', 'streiter', 500000, 'sports'),
	('Stretch', 'stretch', 90000, 'sedans'),
	('Stromberg', 'stromberg', 3185350, 'sports'),
	('Sultan', 'sultan', 15000, 'sports'),
	('Sultan RS', 'sultanrs', 65000, 'super'),
	('Super Diamond', 'superd', 130000, 'sedans'),
	('Surano', 'surano', 50000, 'sports'),
	('Surfer', 'surfer', 12000, 'vans'),
	('T20', 't20', 300000, 'super'),
	('Tailgater', 'tailgater', 30000, 'sedans'),
	('Tampa', 'tampa', 16000, 'muscle'),
	('Drift Tampa', 'tampa2', 80000, 'sports'),
	('Thrust', 'thrust', 24000, 'motorcycles'),
	('Tri bike (velo)', 'tribike3', 520, 'motorcycles'),
	('Trophy Truck', 'trophytruck', 60000, 'offroad'),
	('Trophy Truck Limited', 'trophytruck2', 80000, 'offroad'),
	('Tropos', 'tropos', 40000, 'sports'),
	('Turismo R', 'turismor', 350000, 'super'),
	('Tyrus', 'tyrus', 600000, 'super'),
	('Vacca', 'vacca', 120000, 'super'),
	('Vader', 'vader', 7200, 'motorcycles'),
	('Verlierer', 'verlierer2', 70000, 'sports'),
	('Vigero', 'vigero', 12500, 'muscle'),
	('Virgo', 'virgo', 14000, 'muscle'),
	('Viseris', 'viseris', 875000, 'sportsclassics'),
	('Visione', 'visione', 2250000, 'super'),
	('Voltic', 'voltic', 90000, 'super'),
	('Voltic 2', 'voltic2', 3830400, 'super'),
	('Voodoo', 'voodoo', 7200, 'muscle'),
	('Vortex', 'vortex', 9800, 'motorcycles'),
	('Warrener', 'warrener', 4000, 'sedans'),
	('Washington', 'washington', 9000, 'sedans'),
	('Windsor', 'windsor', 95000, 'coupes'),
	('Windsor Drop', 'windsor2', 125000, 'coupes'),
	('Woflsbane', 'wolfsbane', 9000, 'motorcycles'),
	('XLS', 'xls', 32000, 'suvs'),
	('Yosemite', 'yosemite', 485000, 'muscle'),
	('Youga', 'youga', 10800, 'vans'),
	('Youga Luxuary', 'youga2', 14500, 'vans'),
	('Z190', 'z190', 900000, 'sportsclassics'),
	('Zentorno', 'zentorno', 1500000, 'super'),
	('Zion', 'zion', 36000, 'coupes'),
	('Zion Cabrio', 'zion2', 45000, 'coupes'),
	('Zombie', 'zombiea', 9500, 'motorcycles'),
	('Zombie Luxuary', 'zombieb', 12000, 'motorcycles'),
	('Z-Type', 'ztype', 220000, 'sportsclassics');
/*!40000 ALTER TABLE `vehicles` ENABLE KEYS */;

-- Dumping structure for table essentialmode.vehicle_categories
CREATE TABLE IF NOT EXISTS `vehicle_categories` (
  `name` varchar(60) NOT NULL,
  `label` varchar(60) NOT NULL,
  PRIMARY KEY (`name`)
) ENGINE=InnoDB DEFAULT CHARSET=latin1;

-- Dumping data for table essentialmode.vehicle_categories: ~11 rows (approximately)
/*!40000 ALTER TABLE `vehicle_categories` DISABLE KEYS */;
INSERT INTO `vehicle_categories` (`name`, `label`) VALUES
	('compacts', 'Compacts'),
	('coupes', 'Coupes'),
	('motorcycles', 'Motos'),
	('muscle', 'Muscle'),
	('offroad', 'Off Road'),
	('sedans', 'Sedans'),
	('sports', 'Sports'),
	('sportsclassics', 'Sports Classics'),
	('super', 'Super'),
	('suvs', 'SUVs'),
	('vans', 'Vans');
/*!40000 ALTER TABLE `vehicle_categories` ENABLE KEYS */;

-- Dumping structure for table essentialmode.weashops
CREATE TABLE IF NOT EXISTS `weashops` (
  `id` int(11) NOT NULL AUTO_INCREMENT,
  `name` varchar(255) NOT NULL,
  `item` varchar(255) NOT NULL,
  `price` int(11) NOT NULL,
  PRIMARY KEY (`id`)
) ENGINE=InnoDB AUTO_INCREMENT=41 DEFAULT CHARSET=latin1;

-- Dumping data for table essentialmode.weashops: ~40 rows (approximately)
/*!40000 ALTER TABLE `weashops` DISABLE KEYS */;
INSERT INTO `weashops` (`id`, `name`, `item`, `price`) VALUES
	(1, 'GunShop', 'WEAPON_PISTOL', 300),
	(2, 'BlackWeashop', 'WEAPON_PISTOL', 500),
	(3, 'GunShop', 'WEAPON_FLASHLIGHT', 60),
	(4, 'BlackWeashop', 'WEAPON_FLASHLIGHT', 70),
	(5, 'GunShop', 'WEAPON_MACHETE', 90),
	(6, 'BlackWeashop', 'WEAPON_MACHETE', 110),
	(7, 'GunShop', 'WEAPON_NIGHTSTICK', 150),
	(8, 'BlackWeashop', 'WEAPON_NIGHTSTICK', 150),
	(9, 'GunShop', 'WEAPON_BAT', 100),
	(10, 'BlackWeashop', 'WEAPON_BAT', 100),
	(11, 'GunShop', 'WEAPON_STUNGUN', 50),
	(12, 'BlackWeashop', 'WEAPON_STUNGUN', 50),
	(13, 'GunShop', 'WEAPON_MICROSMG', 1400),
	(14, 'BlackWeashop', 'WEAPON_MICROSMG', 1700),
	(15, 'GunShop', 'WEAPON_PUMPSHOTGUN', 3400),
	(16, 'BlackWeashop', 'WEAPON_PUMPSHOTGUN', 3500),
	(17, 'GunShop', 'WEAPON_ASSAULTRIFLE', 10000),
	(18, 'BlackWeashop', 'WEAPON_ASSAULTRIFLE', 11000),
	(19, 'GunShop', 'WEAPON_SPECIALCARBINE', 15000),
	(20, 'BlackWeashop', 'WEAPON_SPECIALCARBINE', 16500),
	(21, 'GunShop', 'WEAPON_SNIPERRIFLE', 22000),
	(22, 'BlackWeashop', 'WEAPON_SNIPERRIFLE', 24000),
	(23, 'GunShop', 'WEAPON_FIREWORK', 18000),
	(24, 'BlackWeashop', 'WEAPON_FIREWORK', 20000),
	(25, 'GunShop', 'WEAPON_GRENADE', 500),
	(26, 'BlackWeashop', 'WEAPON_GRENADE', 650),
	(27, 'GunShop', 'WEAPON_BZGAS', 200),
	(28, 'BlackWeashop', 'WEAPON_BZGAS', 350),
	(29, 'GunShop', 'WEAPON_FIREEXTINGUISHER', 100),
	(30, 'BlackWeashop', 'WEAPON_FIREEXTINGUISHER', 100),
	(31, 'GunShop', 'WEAPON_BALL', 50),
	(32, 'BlackWeashop', 'WEAPON_BALL', 50),
	(33, 'GunShop', 'WEAPON_SMOKEGRENADE', 100),
	(34, 'BlackWeashop', 'WEAPON_SMOKEGRENADE', 100),
	(35, 'BlackWeashop', 'WEAPON_APPISTOL', 1100),
	(36, 'BlackWeashop', 'WEAPON_CARBINERIFLE', 12000),
	(37, 'BlackWeashop', 'WEAPON_HEAVYSNIPER', 30000),
	(38, 'BlackWeashop', 'WEAPON_MINIGUN', 45000),
	(39, 'BlackWeashop', 'WEAPON_RAILGUN', 50000),
	(40, 'BlackWeashop', 'WEAPON_STICKYBOMB', 500);
/*!40000 ALTER TABLE `weashops` ENABLE KEYS */;

-- Dumping structure for table essentialmode.whitelist
CREATE TABLE IF NOT EXISTS `whitelist` (
  `identifier` varchar(60) NOT NULL,
  PRIMARY KEY (`identifier`)
) ENGINE=InnoDB DEFAULT CHARSET=latin1;

-- Dumping data for table essentialmode.whitelist: ~1 rows (approximately)
/*!40000 ALTER TABLE `whitelist` DISABLE KEYS */;
INSERT INTO `whitelist` (`identifier`) VALUES
	('steam:110000107da364f');
/*!40000 ALTER TABLE `whitelist` ENABLE KEYS */;

/*!40101 SET SQL_MODE=IFNULL(@OLD_SQL_MODE, '') */;
/*!40014 SET FOREIGN_KEY_CHECKS=IF(@OLD_FOREIGN_KEY_CHECKS IS NULL, 1, @OLD_FOREIGN_KEY_CHECKS) */;
/*!40101 SET CHARACTER_SET_CLIENT=@OLD_CHARACTER_SET_CLIENT */;
